grossprofit_margin,roe,roa,longdebt_to_workingcapital,q_sales_yoy,q_op_yoy,equity_yoy,turnover_rate,bp,ep,sp,code
29.2454,20.1254,4.6541,0.878,23.3653,9.0977,19.3836,0.9978,0.5772515245821346,0.11063771486891004,1.048392420191722,000002.csv
46.592,12.2644,7.8913,0.4522,-24.6969,-11.3624,9.3363,0.715556896551724,1.0470381877239368,0.1148122891806796,0.5321341028843618,000006.csv
34.1093,10.6249,6.0488,0.7341,14.4976,14.9078,25.0564,3.0251258620689665,0.3166071547310721,0.014897194069941519,0.5554690319674505,000009.csv
66.2138,23.2283,9.9625,0.6304,-5.3025,0.1654,18.4237,2.449343103448276,0.4533112386908032,0.11812491476700987,0.5727345830177292,000011.csv
37.8775,0.49,1.12105,0.1278,-66.4857,-107.4581,0.3475,1.4614568965517245,0.5647790926848537,0.012668449962801056,0.27133850727061226,000014.csv
5.475,5.7905,2.8476,4.7939,52.9311,51.7593,4.4635,1.6861310344827585,0.5549758039225466,0.015706285851248537,3.561352037338964,000016.csv
37.8045,10.7843,10.0219,0.0058,34.6807,204.4814,5.478,2.8675034482758632,0.488283161793526,0.04097285892632114,0.6696341570393598,000026.csv
3.9048,13.7583,4.0207,3.5556,19.0757,5.5597,7.5001,1.9043482758620691,0.3700956313513701,0.057768229910700124,7.169764899239468,000034.csv
13.9721,1.3567,1.0153,0.3103,22.8627,456.8388,1.4103,1.0891948275862071,0.7384132853939541,0.00627757734683171,0.5751438710978232,000045.csv
8.6711,26.6397,10.4554,0.1656,12.3444,30.1072,28.7248,2.4661672413793103,0.17293539094201135,0.03524511121682585,1.252181604675341,000049.csv
19.4283,4.8926,3.4374,47.1621,-4.5272,314.8692,25.6901,1.407027586206896,0.8863855570781369,0.026177576242423315,0.7970294733141393,000050.csv
19.1612,7.2333,4.7328,2.4514,-0.1548,0.3461,3.8215,1.1422,1.105318133194299,0.07441415370554948,0.6352396978529941,000055.csv
31.6129,11.8124,3.6466,0.9243,3.1151,-8.2353,50.19600000000001,2.0106192982456137,0.2891931488706163,0.03357350992131893,0.6256689963439617,000063.csv
10.0201,14.1518,5.1396,0.8609,30.5787,16.5494,12.5646,0.6667879310344825,0.9755434217867855,0.12977168208402293,2.034891553224143,000065.csv
29.0001,6.472,6.1387,0.8126,13.1021,113.2859,6.3546,0.7989258620689658,0.8444927384373343,0.05284416271206757,0.3911714897420051,000099.csv
13.6089,13.6661,3.7491,36.0343,73.5434,1172.1537,13.27,4.66951379310345,0.2651646361703536,0.024287550930061453,0.6006082056483948,000100.csv
28.5927,17.0095,9.0259,0.6251,71.9544,147.5084,20.2776,2.588001724137931,0.4539390057783125,0.04206593087839077,0.4156420919437932,000157.csv
32.8601,7.0275,1.1988,1.2018,-40.7537,-46.6866,4.851,0.7638206896551726,1.842774833552008,0.18144490221864307,1.3796062318147475,000402.csv
11.4461,3.5535,-2071.59035,0.1718,20.4195,333.9728,3.2214,1.8331844827586208,1.0949763136781372,0.011635447850472816,3.2163243503497676,000404.csv
10.0904,14.3634,6.1629,0.0059,-62.2012,114.7757,-23.9724,1.0314672413793102,0.2249682648119737,0.031747943329110816,1.0519825420298756,000409.csv
55.0018,0.4393,1.3202,0.0195,877.7646,119.8216,-2.4988,1.241860344827586,0.3982557819113422,0.0017750602206630809,0.1243697514743411,000423.csv
65.0802,14.7367,12.3721,0.1016,24.1689,7.1377,8.4222,1.336789655172414,0.3142960463797595,0.03701170505813632,0.2609000915072984,000513.csv
26.5941,23.3662,4.3263,0.6085,71.9953,-10.2758,22.4459,1.053251724137931,0.7893873843278277,0.20173094770297906,0.7780483473202853,000517.csv
16.488,-1.7358,-0.9527,0.394,14.7796,219.0714,-3.0125,7.329548275862068,1.1876797040688314,0.013877519984870627,4.0682449345504805,000521.csv
20.3997,12.2098,5.3008,0.5254,22.9367,102.6046,10.6831,3.7306687499999986,0.8563199286694827,0.07909407871447104,1.4850290995104791,000528.csv
45.1581,17.6295,10.8568,6.8874,11.7106,-59.5986,17.7754,0.7724206896551723,0.2715379371843525,0.02232056587353124,0.12239636238569687,000532.csv
24.3726,13.1397,5.3298,0.3494,0.7868,361.4453,13.7256,2.3041258620689646,0.3150342234446773,0.0027985617853751,0.6943889395772436,000533.csv
27.7524,14.5178,12.493,0.0368,9.892,149.7444,0.3017,1.7173672413793108,0.2243216197537521,0.02505702948481657,0.17556331265109398,000538.csv
37.8616,8.1008,5.2545,3.826,13.0985,-64.0422,4.3407,0.5253086206896552,0.9920051228077552,0.07481273113684826,0.28244435004562285,000544.csv
16.8518,5.1268,0.9713,0.2223,25.6864,453.5806,4.6673,2.836039655172413,0.5919826256476243,0.008670697336831628,1.6046812096490577,000550.csv
30.2707,5.5749,4.4387,0.5458,-16.974,-38.8715,9.9702,1.553027586206897,1.2303563129562478,0.08137368486248904,0.6296387985003894,000552.csv
29.4387,1.6135,2.7268,0.8699,3.7638,123.0786,-4.55,0.1765465517241379,1.1085417645047215,0.014050752094326246,1.3924869052932405,000553.csv
17.0913,8.8051,4.8766,0.0189,0.3548,13.367,7.0084,1.0979775862068966,0.4035534711468041,0.027373806863449108,0.7368256836432681,000555.csv
16.2369,6.3178,3.9254,0.1918,15.9226,29.6768,65.4758,0.5338137931034483,0.5056746138052822,0.03272991807022649,0.6559628309436525,000559.csv
38.6535,47.8539,50.4035,0.0052,39.9852,-503.2401,52.2863,3.147417241379311,0.38991942395250345,0.026290153524329167,0.10382073857089387,000576.csv
55.7196,3.5867,2.6673,0.2482,-2.2893,-84.1589,3.6522,0.601201724137931,0.3440002383548216,0.02239555959224036,0.16817886648396088,000590.csv
39.1596,0.3146,1.2489,102.695,-12.6279,751.8303,4.4558,0.26550689655172416,0.6128513975380847,0.02202469304075346,1.244574379216572,000597.csv
72.6751,3.5603,4.1589,44.2527,464.5802,610.5961,8.6685,0.8734224137931035,1.2208992971399188,0.04272646092451517,0.10753070962690496,000608.csv
5.1960000000000015,4.3057,3.39945,0.0495,-44.2722,-123.9245,4.4004,5.016046551724138,0.4567603397527267,0.015765264419578897,0.3888761444142627,000610.csv
29.6501,6.2062,5.3592,0.2877,55.9043,361.99300000000005,7.3834,2.757312068965516,0.2148107559283486,0.012145245735787971,0.12179568115425267,000636.csv
28.3076,8.5567,8.9396,0.0224,31.9541,591.6363,8.957,3.2887689655172414,0.6515737321067592,0.04356065850968944,0.31523381730942995,000655.csv
86.6899,32.0434,26.0214,0.1384,12.8384,39.3551,35.2121,1.3713568965517244,0.056979512903374586,0.011599017563091651,0.0423317429614619,000661.csv
24.3053,4.1358,5.7602,5.6376,-69.2562,97.2423,4.2231,0.44943620689655184,0.584989062582611,0.017982183252833094,0.6848150597995761,000679.csv
41.9882,17.8234,13.5633,1.8532,-15.7161,-42.6863,14.7174,2.0813844827586205,0.7231124471218092,0.10253387555312836,0.4550312485534662,000690.csv
21.3986,5.2103,3.8504,0.1159,11.5836,-86.4386,3.0469,0.6679224137931032,0.7614414432342007,0.0899029826433341,1.4231370224192128,000705.csv
17.9698,22.4814,10.4361,0.0792,10.621,50.7156,12.2994,0.6224,0.19633093580032915,0.04002962266164898,0.5217244541210798,000708.csv
67.8711,1.9603,4.2883,1.30095,-79.5452,-197.4438,1.6991,3.2417793103448287,0.2415039846335733,0.004800976040433514,0.10704952838248984,000712.csv
36.1213,3.2574,3.3092,0.0707,435.769,602.9512,2.5163,1.485248275862069,1.04541705698686,0.047437316699412736,0.08433335710806572,000722.csv
21.3258,1.265,1.0623,0.6876,-30.5967,-108.7447,-0.1242,0.8088775862068968,1.3778784379487352,0.16847570098427947,1.2154872461549564,000726.csv
29.0358,6.3187,5.2342,0.2075,5.1768,117.6769,6.5805,2.608443103448276,0.2491164953525345,0.011876347362511187,0.12966348879622985,000738.csv
30.2151,10.4915,6.8805,4.3181,16.3147,29.1883,8.5808,0.3822362068965518,0.5908622351689674,0.05658246280600882,1.0572516734162176,000756.csv
9.9927,3.1512,3.2009,0.1033,-0.9376,-25.0995,3.2543,0.9955431034482759,0.6593491748223399,0.05469079032494492,1.7592361575187172,000757.csv
7.8229,4.8807,1.6785,1.0212,-18.2953,-47.813,-12.1697,1.4346534482758622,0.1946981117600328,0.006753498799659332,0.4005028545621448,000768.csv
33.6844,18.6805,15.4195,0.2919,34.7961,56.0899,19.4639,0.8823982758620691,0.1981850933111068,0.010094081638917231,0.17220169723689746,000786.csv
9.2018,16.3868,6.4579,0.4168,-35.6309,-2592.4381,-13.6401,2.3503258620689658,0.473688658736656,0.0019070398894374628,0.5628401086775451,000800.csv
39.7094,18.5102,6.9803,0.3932,3856.7795,126.1967,-751.7297,2.346854385964913,0.2200513767734993,0.018011508998928602,0.08602245598091257,000803.csv
9.8024,3.2739,3.141,0.0172,-11.2799,38.8061,3.9969,0.5373655172413793,0.4450386618782475,0.0319595364478656,0.9373560338607332,000819.csv
5.2565,-7.8774,-7.1436,0.1531,-10.7721,-101.6001,-9.4788,4.021594827586207,0.8459850406384952,0.04378754688838255,1.226143873941579,000822.csv
29.0851,1.3001,3.5731,44.8087,-21.9462,-342.599,1.3365,5.4629534482758615,0.8928730238217701,0.00993104703118822,0.45064742660543,000862.csv
12.5743,20.9077,3.24,1.745,133.6103,-49.1906,23.7704,1.6019379310344826,0.2460565207961292,0.01487740886355426,1.2237314991915698,000868.csv
5.9667,4.5815,4.8591,4.3159,18.8652,-85.9388,-2.0626,2.8116258620689654,0.3666232964445344,0.027046223272474704,2.6336188928801305,000878.csv
17.2599,31.0827,25.2701,0.0477,-1.1191,-7.8145,44.1259,1.3229948275862071,0.14009394470034647,0.033998746985728155,0.37763162986388094,000895.csv
18.9581,15.2147,3.833,0.3214,-42.3263,-86.8511,16.4675,0.609148275862069,0.3820124878262524,0.0474697831636503,0.3513774908488049,000897.csv
17.2316,-15.6868,-9.8368,0.3720000000000001,-10.5437,-533.4811,5.2995,2.0076672413793104,0.6967582771985554,0.02297188947840839,0.8482568591392657,000901.csv
29.4444,11.7165,9.0664,0.0078,19.3918,-19.9862,10.7548,2.075086206896552,0.7129251001601054,0.09366027608962993,0.9575382792128212,000910.csv
60.846,15.786,17.6892,0.0584,-6.3419,37.1992,12.7926,0.9189637931034482,0.37245817220452143,0.03996211006240885,0.34521862257257524,000915.csv
-4.2295,-42.9739,-5.549,3.8933,4.2472,-109.2133,-35.4767,1.4972034482758618,0.26299067235029,0.011797004012877706,0.1687910122233807,000918.csv
22.4223,2.2714,2.6601,0.0408,15.1862,100.8251,-0.7138,1.1420103448275858,0.9106175706201722,0.045220670439323415,0.8040986117941817,000919.csv
10.9972,11.1536,4.2049,0.1286,28.4805,40.0432,9.4695,5.453463793103447,0.8821373271461321,0.08488317767848941,2.1270855616001554,000928.csv
40.6339,6.398,6.3724,0.6345,-0.4286,202.4688,42.9725,0.5697431034482758,0.5486756427088373,0.0348606625508115,0.2957011441796256,000952.csv
59.7733,1.7828,2.5526,0.1352,-89.819,-103.6049,1.3771,0.5954793103448277,1.6856845319777691,0.05577262034783979,0.3654101258320617,000965.csv
18.2217,2.2815,2.2748,0.1,17.9483,188.022,3.0468,1.8016413793103447,0.6520737375472307,0.02307756691382065,0.6890257542648311,000969.csv
14.5985,2.8073,3.002,0.0245,53.6538,23.8129,1.4039,3.618689655172413,0.4332085587427736,0.017998445135634568,0.38885697492044297,000970.csv
24.0551,2.9805,3.8375,0.7752,19.5385,128.6821,1.6342,0.8842913793103446,0.590028712831315,0.01126694072496666,0.6989318132831847,000973.csv
27.3006,13.1214,14.5385,0.2424,14.7639,88.2501,9.3105,1.806729310344828,0.40009567604145657,0.03644197938423649,0.21783564699029007,000975.csv
15.9622,2.9610000000000003,2.2291,3.6681,-32.8584,103.6467,2.5504,0.6640241379310345,0.22144712296427985,0.005827673453012302,0.1347445058778768,000982.csv
60.4757,6.8861,6.973,0.0416,8.0129,148.9693,-1.604,0.8894724137931035,0.5492808472744134,0.02867596753807192,0.4570783462030941,000989.csv
19.8346,2.1765,2.9024,4.5444,16.5216,150.0112,2.1485,0.7927431034482757,1.06843340622472,0.027316513162192642,0.5097585748525293,000990.csv
26.1697,7.6641,4.2588,0.0804,11.8082,134.2851,6.0903,0.998789655172414,0.4063879596568429,0.04469977025688509,0.3734356807246293,000997.csv
62.4586,12.1524,9.4543,0.1806,-4.5696,-28.9483,7.5781,0.5834051724137931,0.5438985935556657,0.08049762888472406,0.5764246626417121,000999.csv
28.6881,12.4892,4.3207,0.5453,10.2225,1.5217,6.6472,0.18948275862068967,0.8233792092880097,0.15606710049699685,1.0177847488986225,001979.csv
54.1669,19.6978,14.5343,0.7152,52.3318,29.1867,13.6697,1.1100224137931034,0.21907245492872568,0.02570090940560699,0.0898547219010207,002001.csv
72.702,22.927,24.2463,0.0039,83.7408,110.8287,15.0603,1.7349103448275864,0.08811826328400643,0.0159772046956049,0.04623444885939943,002007.csv
40.1079,10.5389,5.8062,0.4686,17.7446,-222.3998,10.3812,2.8543431034482767,0.1936841288429549,0.014071813452862448,0.20545089856266704,002008.csv
33.945,6.9897,11.3393,0.0605,78.6043,506.4995,7.0457,2.392929310344828,0.4935343131299342,0.017647160379995558,0.42937449076011824,002012.csv
26.7425,9.4835,5.0313,0.3247,4.045,13.0526,32.455,1.95585,0.2845411329339794,0.022291639766618673,0.27356721685824503,002013.csv
24.3597,15.7456,12.6923,0.0469,6.8507,9.6302,7.1654,0.42021896551724136,0.3790573506994957,0.056097462340567936,0.5216723877951308,002014.csv
25.3646,2.5255,0.6059,0.0551,6.4833,5.4595,1.2882,4.183374137931036,0.30690045391126075,0.008552789116518906,0.25519026721564897,002017.csv
46.4766,12.1509,9.9152,0.565,-9.5377,-94.894,12.5381,2.100308620689655,0.34772428022854673,0.037501001097644426,0.2151855621064237,002019.csv
60.9178,17.1552,13.1943,0.1183,-3.3849,793.2092,5.9935,1.291387931034483,0.4971911360978595,0.0721286524032744,0.4998723955728048,002020.csv
70.7608,80.1648,56.9343,0.0534,439.1984,1537.5739,131.8,4.039131034482761,0.13214043310585885,0.004753008226071028,0.041228645048858696,002030.csv
55.5392,2.7565,2.9237,0.0091,-4.3425,45.1956,0.1878,1.3072913793103444,0.689837267707172,0.0458246077857242,0.17540657655467806,002033.csv
29.8059,15.1077,10.7126,0.3139,31.8732,8.4808,8.3211,1.0207189655172408,0.11418745433663055,0.016872639029042808,0.1343571164753507,002050.csv
36.2358,6.1146,3.8877,0.7140000000000001,32.0611,-190.8481,4.0397,3.5099706896551717,0.5165469901887545,0.026087071650635087,0.36989439984080896,002054.csv
24.7784,17.8893,10.6267,0.1193,45.6925,98.9549,13.0189,2.699541379310345,0.2293218985387693,0.030346301955523475,0.2736249028544153,002056.csv
11.1612,7.6324,3.2587,65.3544,18.4335,-33.7327,13.5061,2.2457362068965523,0.9255815697026728,0.06234323540101476,2.968814478466576,002060.csv
13.0404,12.7431,12.8853,0.0564,13.8751,91.0856,5.1938,1.7513724137931026,0.2331301392269068,0.024677131266671,0.6197341070875728,002075.csv
18.3595,4.9839,5.0034,0.0287,26.9443,-60.1751,10.5402,2.2237137931034483,0.3013069241870462,0.013610956941156832,0.2786429483814327,002079.csv
27.125,16.512,8.6467,9.1093,42.8844,42.5608,12.0563,1.5354862068965518,0.28755395593597594,0.035846010040081006,0.34671833023254056,002080.csv
36.1763,16.1632,13.1867,0.0138,23.9826,45.4421,7.8719,2.2729189655172406,0.4323681109787854,0.06723736538966721,0.4242362006609757,002088.csv
16.1734,10.3429,7.982,0.0505,55.46,115.6876,8.9506,2.0070603448275857,0.5512449592524505,0.0364893613344717,0.6200649480483079,002106.csv
77.834,24.1832,18.0517,0.0767,17.0674,-22.1183,20.1526,0.9492896551724136,0.1726222908149053,0.03510193522602097,0.21096155434385028,002107.csv
18.957,5.5962,5.9511,0.1628,30.456,435.8668,5.2844,4.677053448275861,0.8871535642972317,0.0348618996240316,0.4558513258244942,002109.csv
37.5081,10.1369,7.8898,0.0425,10.2609,-33.7468,-3.3524,1.2057189655172418,0.3566266944239654,0.058145062008929424,0.33316194568386404,002117.csv
18.7485,9.4354,6.859,0.5275,19.6363,-55.65,8.7995,0.9790120689655172,0.27608112596447393,0.026416210588498367,0.4119843182182592,002119.csv
18.8537,6.5395,4.9675,10.5493,16.6103,-10.3577,36.2402,2.9206724137931035,0.22353487583446874,0.011179957859459052,0.2050068163043997,002129.csv
39.3165,12.8871,9.2154,1.2833,17.8784,355.895,14.1034,4.548694827586205,0.4234735402725663,0.04057798953504007,0.5304491014987464,002130.csv
15.0,1.646,1.172,0.073,4.1535,-304.9654,1.6462,1.032734482758621,0.19656630037576805,0.005385666799030056,0.20659381142121705,002134.csv
11.607,6.2591,3.2,0.2418,4.8818,-259.5186,2.2659,0.9551189655172412,0.6734472578586957,0.04075403714221725,1.378461024309123,002135.csv
12.6535,8.9137,7.7976,0.039,40.1646,288.2486,7.7294,5.406391379310347,0.3552096037389779,0.017180304094335498,0.4965308929801897,002136.csv
36.2587,12.7065,10.437,0.8771,34.1093,91.3046,9.6722,3.133760344827587,0.18848223428098584,0.01872520662399672,0.11875978727988964,002138.csv
24.3857,17.8611,11.0696,0.138,50.0537,197.6456,37.9742,5.007249999999999,0.2904226345936308,0.033331267356666264,0.3897882510815225,002139.csv
28.3444,3.925,3.2529,0.2814,10.9533,107.2773,30.5751,2.7577672413793097,0.1810613777888795,0.006651646209908683,0.13084772829162766,002151.csv
39.8822,7.3689,5.9584,0.018000000000000002,2.8004,-5.8942,9.9883,1.3120620689655174,0.41681790618657744,0.031932037751133915,0.27392319115458075,002152.csv
8.6368,4.4777,4.1805,1.3858,55.8635,-50.4475,3.4530000000000003,1.944977586206897,0.5158851656924219,0.016911901548549654,1.4082240399660109,002155.csv
27.8748,4.8463,3.7236,0.2617,-3.0448,-39.0433,1.8285,1.5657844827586205,0.4135648503600672,0.024377863028358347,0.17175304911130912,002166.csv
14.2512,0.9171,0.7976,0.9743,-11.6079,98.043,0.9557,3.368644827586208,0.1625519584562926,0.0012666091077802506,0.2563129669902533,002176.csv
36.029,16.0768,9.8233,0.0472,16.42,38.5731,19.298,1.2012396551724138,0.12288542536606267,0.01390014720390598,0.11839625615673152,002179.csv
34.9598,7.5646,5.9319,0.2126,-21.6923,510.0754,5.5383,0.4868637931034482,0.8811260166993089,0.01838085612411016,0.1414171365797569,002181.csv
21.6799,8.6233,5.6143,2.4696,23.434,163.2663,9.5071,3.0131689655172416,0.2263911171978256,0.008438720616862277,0.2259944963973884,002185.csv
16.2028,-3.1621,-132.8129,31.09475,3029.7391,-109.4907,-1007.1878,1.109022807017544,0.07431538812078048,0.7397630701808029,0.022628671430390258,002188.csv
17.7299,9.1405,3.607,212.0821,42.3705,21.5088,11.3875,3.1811586206896547,0.4865144225780992,0.036178506892197364,0.6303474107466539,002202.csv
20.7171,8.8381,5.466,529.5047,-7.2458,21.5663,3.5534,2.1414396551724137,0.4848520714041289,0.05535404832945921,0.6802410640307625,002206.csv
15.3473,7.1913,6.8786,0.0065,-38.6948,130.3424,7.4595,2.421274137931033,0.3077780129103555,0.02110570012028602,0.44442919396930897,002211.csv
26.1475,10.3573,6.4045,0.2038,8.6206,6.518,4.667,1.1581189655172417,0.6518185763756579,0.0584462968416451,0.9404239366048576,002225.csv
38.1768,7.255,7.126,1.6842,2.719,10.1705,5.9807,1.2678137931034483,0.7524983535174994,0.04896414475478749,0.4383431939755888,002226.csv
-7.6552,-32.5364,-22.9086,0.0473,2.2042,-406.5523,-27.9839,1.0932517241379305,0.3567508409775921,0.030923227120957263,0.2196858819980137,002231.csv
24.2929,10.2108,6.2255,0.1005,-19.8314,27.2022,10.1438,2.4990482758620685,0.2700053352985464,0.019369033979841445,0.3178606473735969,002232.csv
39.6593,17.6201,19.2751,0.0652,-3.574,-40.4751,6.7818,1.3675293103448276,0.7031565983007609,0.11934793983118384,0.4738849511100546,002233.csv
42.7025,22.0396,12.5767,0.1197,5.9516,-20.0302,26.4017,3.324787931034482,0.27579561149538445,0.04724168459131122,0.3794628597346216,002236.csv
4.7512,6.0302,4.2406,0.3201,-2.4863,285.2393,60.8094,1.594336206896552,0.5194148867199032,0.021972843521445344,2.063865522622007,002237.csv
34.3997,7.4931,4.2548,0.1516,-7.8992,320.5099,-16.5025,0.3953086206896552,0.441844985491551,0.0378492647328393,0.3416533703387709,002238.csv
16.0348,15.9283,8.2586,1.2327,108.949,193.3163,22.0156,3.5163620689655173,0.1796364443702649,0.012419063132799654,0.3295610666526513,002241.csv
36.0405,10.9791,7.4897,0.5717,18.3992,50.4067,20.1317,0.8869862068965517,0.4654536499594345,0.04464856358524382,0.17733192433012726,002243.csv
16.1373,11.8806,6.3301,2.0036,37.3929,2332.1281,23.7783,5.504067241379311,0.22854882960476025,0.018938007955254958,0.3543013000530517,002245.csv
36.76300000000001,4.7645,4.612,0.2395,-2.0794,16.9809,2.8715,0.97861724137931,0.4791812718547504,0.01812793363222937,0.1165792272848038,002253.csv
28.9549,16.7027,10.9734,1.2129,41.178,151.6865,18.2976,3.022522413793104,0.2804838097177379,0.03134853686962271,0.3407744499466166,002258.csv
15.7198,69.4632,19.9061,0.4545,28.132,115.7882,-75.8875,0.5083931034482758,0.018999848001215992,0.03428367685577543,0.4148800076809778,002259.csv
75.5421,18.8237,18.4413,0.0248,3.6776,11.9213,13.8737,0.9897551724137932,0.2694472986619001,0.04554894374006325,0.2650564947018759,002262.csv
10.3343,-6.4814,-4.088,0.1966,-21.5162,-203.5665,-6.7439,0.6598724137931037,0.4283732822106391,0.0033529485786833644,0.35432942413623497,002265.csv
26.8197,4.8119,4.1647,0.1941,29.3321,-35.271,5.7332,6.5853793103448295,0.641909479196111,0.030073215789745606,0.4103245379291464,002272.csv
24.8701,10.5894,8.0838,0.0721,21.8181,72.32300000000002,9.8726,2.209515517241379,0.7130086209207014,0.05196719001099295,0.5258347101014959,002283.csv
18.4326,1.3577,2.4658,1.5177,18.1968,431.0595,0.3661,3.440194827586206,0.2124522645418781,0.002693177811048773,0.17705180346419486,002288.csv
10.9617,-10.043,-8.4923,0.0125,-5.5846,-114.642,-9.5628,0.8395374999999997,0.16794836062099586,0.00710247486416856,0.11084806087856806,002289.csv
13.5113,13.3162,7.9247,0.0303,21.8791,101.9156,14.265999999999998,0.5740000000000001,0.2999459361879326,0.03518923858486727,1.1882958778469326,002290.csv
69.0459,1.0146,0.5298,0.2221,-33.3162,-24364.2891,-15.1188,0.6119344827586207,0.15733095418653095,0.018897854580851768,0.12018155983860633,002294.csv
29.1701,1.6299,2.6348,0.2679,6.6164,121.9342,1.2849,3.400681034482758,0.4091886661809428,0.006306095496998368,0.1036385611800414,002297.csv
75.1978,8.2873,5.7582,0.1078,22.9663,364.4165,10.6732,5.4644189655172415,0.3900288059472613,0.02760742175332194,0.1790313115674132,002315.csv
37.5232,6.4263,6.2439,0.0272,14.158,-39.8521,4.8236,0.5366586206896553,0.3132198916488059,0.017341349189670386,0.08716849224514439,002320.csv
19.5835,1.3559,1.7699,0.1328,17.6615,656.4211,1.2133,9.355089655172415,0.5786192518861814,0.0044408911109056655,0.4672451383031516,002342.csv
21.8724,3.0107,2.5029,0.0153,-7.8909,-23.6085,4.9645,1.0165724137931031,0.6272874091299336,0.027749719907877456,0.8223597222666936,002350.csv
16.35,14.8207,10.6725,1.276,32.8212,21.9264,33.0585,0.5837672727272727,0.1234441946145604,0.014124306705158338,0.2791731098262424,002352.csv
54.0211,8.8009,12.3516,0.0009,18.239,230.8382,75.1499,2.660522413793103,0.2697926200758445,0.007849082231518489,0.22053410311692886,002362.csv
30.38300000000001,6.2673,6.4005,0.0553,-21.9131,-153.5622,8.8543,0.9175293103448277,0.6336101897209142,0.03348363321440044,0.5074087158407339,002365.csv
30.6459,16.2902,9.5663,0.0518,29.7223,150.9864,2.1772,1.7645172413793104,0.3644014758750575,0.03171940485067965,0.4558325122495942,002367.csv
51.194,4.2173,4.1303,1.0214,1076.461,108.139,4.3201,5.161387931034484,0.1667743138875351,0.012209259618992684,0.3558577065345543,002370.csv
29.6813,10.3106,6.9073,0.0984,18.1658,-24.24,32.8352,1.3281982758620687,0.4290318621114583,0.03711282544485936,0.319512979348188,002373.csv
30.2391,16.8496,14.931,0.0068,28.3976,43.7001,10.7549,2.152560344827586,0.5097764590366641,0.07278131365479391,0.4344336590347802,002381.csv
21.4191,3.5574,3.5027,0.0143,-4.3264,14.3296,1.6797,1.1675206896551726,0.3422049820743973,0.016457289358054523,0.4657572659587378,002390.csv
61.4752,0.1976,0.0582,0.1248,-44.4851,-204.5861,-2.5981,0.5607103448275862,1.3232609042992145,0.05117381624498805,0.4727502687509932,002393.csv
24.0273,12.3151,8.7047,0.0176,25.582,-7.0478,13.3862,1.428844827586207,0.5701850096733146,0.07102676781538397,0.6034450552264872,002398.csv
39.1556,10.8288,8.9932,0.6752,20.4605,-10.8633,57.4707,0.4231689655172412,0.42671214074020064,0.040090156236847474,0.17619307621117936,002399.csv
17.3437,18.385,5.8569,0.0152,27.9269,22.5626,19.5987,1.9679465517241383,0.2864936197888229,0.025925944722022053,0.3109030790044035,002401.csv
22.9286,15.4766,9.1199,0.1246,48.3086,152.2264,45.442,4.5694827586206905,0.1490624705298386,0.017943122180613412,0.21370349802250288,002402.csv
16.0153,10.7808,7.4118,0.0532,-16.502,15.8354,3.8078,2.09660172413793,0.4965614245762801,0.043394490083277566,0.9368744588540648,002404.csv
88.4852,6.8322,4.9397,0.0512,9.4552,27.3635,95.8335,0.9260689655172412,0.07204721227964449,0.0027695141271123725,0.04041042317915232,002410.csv
42.8794,3.715,1.7935,23.6413,-44.5527,-33.1246,-3.6805,1.0035379310344827,0.7192053849057082,0.07942123287432498,1.9352048220067968,002419.csv
11.4776,12.3122,4.0293,0.986,-4.4537,-79.4445,13.1199,1.1180754385964913,0.31682556202159656,0.0655143225148589,1.93616927810966,002420.csv
14.6243,8.8746,4.875,1.0462,-29.6479,89.5964,9.3787,1.65663448275862,0.6918892573586343,0.05067447729276673,1.9695083542981249,002426.csv
22.681,13.8978,9.0635,0.7224,27.0556,55.2816,9.9318,1.0567793103448275,0.2239095258653096,0.02251867879188486,0.2896877196834394,002430.csv
29.3792,-11.9151,-7.1405,0.5089,2369.3901,94.9363,-45.6965,1.4953103448275866,0.1181312221886085,0.05072347721165734,0.02351446891608749,002447.csv
22.1386,6.9854,4.755,0.0419,17.7964,395.5576,5.9473,1.1767172413793106,1.0479870743137079,0.051035435368502295,0.9594586976839372,002454.csv
16.3635,13.3058,6.8367,1.3388,19.8176,-68.0996,83.4455,3.963960344827586,0.2699484306770771,0.023565065914190792,0.39849795622242784,002459.csv
21.3783,10.7514,6.9774,0.9632,44.183,1342.8559,28.1304,4.798791379310347,0.06510888335663229,0.00245384568498608,0.03528971578325772,002460.csv
50.1852,6.5057,3.8926,0.2575,-1.7824,151.6562,4.057,0.7284327586206897,0.4035926032105859,0.022872912144762884,0.19270859331528714,002461.csv
9.1768,9.0038,7.1763,0.0537,9.1788,23.5459,5.9381,0.7141120689655172,0.8837309352967353,0.0931383878312468,5.515789476831224,002462.csv
30.3664,23.5231,16.0357,0.1898,-10.147,-3.1713,22.3771,1.285375862068966,0.20056969020906432,0.039873976917931285,0.2342685614075853,002463.csv
36.2991,5.9996,4.6583,0.117,14.6495,14.5947,3.4705,1.194115517241379,0.42928141190409214,0.02328081868851018,0.2060492456539173,002465.csv
13.2712,0.7673,2.5776,0.7863,2.9713,129.0852,-0.5428,1.5705896551724141,0.4555136906029696,0.0035114702174653505,2.3970957776653554,002471.csv
17.3651,1.4306,2.6689,8.4019,23.5709,444.203,-0.5946,1.219053448275862,0.5671306341870065,0.01305657650197955,0.5440099048409898,002472.csv
17.7757,2.786,2.2849,0.1731,-17.7951,-209.3749,-1.1067,0.9379689655172416,1.1351610012925268,0.1163329777018926,1.2280241472061064,002478.csv
16.9854,2.4426,2.5687,7.0051,-50.6124,321.811,25.9857,1.5621241379310342,0.7144933635047154,0.016702465617974525,0.549875774971584,002480.csv
27.8694,10.1747,8.8454,0.0674,38.6042,56.4818,13.7228,2.089962068965517,0.3710368815014516,0.025457864012133367,0.22090736094322552,002484.csv
36.8743,11.1751,7.9321,0.103,-12.3659,-28.4878,7.1261,1.8068258620689648,0.37212676729454497,0.0435297768422393,0.3541914734436682,002518.csv
33.1424,6.3718,5.6942,0.0389,71.9513,235.5906,10.9043,0.6770741379310343,0.648023592610541,0.03674826350255908,0.3020401469597898,002519.csv
14.3935,4.5995,4.316,0.0068,0.9799,25.9007,-0.6787,3.210408620689655,1.1489397677322746,0.04483151463032845,1.079643694859659,002521.csv
26.5988,9.0598,6.4216,0.0878,17.3438,284.3184,5.6038,1.0530775862068962,0.3413999154637434,0.013236268815031892,0.2291172813001031,002522.csv
21.213,2.3112,1.9387,0.5625,28.6861,186.953,0.5579999999999999,0.6903293103448276,0.8618538888316031,0.01760340876698253,1.1126817847773478,002528.csv
14.273,8.6098,5.3851,0.2557,54.3531,-11.2795,33.6595,0.8213982758620691,0.8401517405381206,0.05141591977418807,1.5224077611253348,002533.csv
23.3407,15.5363,6.6824,0.5523,34.928000000000004,-44.1626,4.0327,1.139355172413793,0.4054843498146935,0.04652579845042013,0.4985814374660943,002534.csv
13.5508,14.6407,7.6993,0.8175,26.5593,17.7904,21.0602,2.1327948275862068,0.22239060262349106,0.02238708531401124,0.4293445537124703,002541.csv
34.1221,5.977,5.9816,0.0045,-35.9135,6.2029999999999985,6.4339,0.6340551724137933,0.9892566741025632,0.05305393329064837,0.22553568264726065,002546.csv
15.7253,1.1379,0.7353,0.07200000000000001,11.4979,1815.5829,1.1444,0.5449327586206896,0.1842686492031466,0.01494127884962889,0.09388275368951084,002552.csv
33.4448,45.4337,44.7761,0.1689,33.9709,11765.3097,52.2225,13.541051724137931,0.20564062487866447,0.016187273639690903,0.09916926342067413,002553.csv
57.292,3.3429,4.1927,0.0287,-68.4763,-65.8344,-3.2557,0.3148068965517241,0.76488343395443,0.07127043846492462,0.6437712512989313,002561.csv
27.2068,4.5145,4.0802,0.0079,-25.0346,101.3628,5.4753,0.9892844827586208,0.3420230124698496,0.015675428764037352,0.14591101674872284,002577.csv
16.8248,1.9647,1.8707,0.1215,9.5246,229.6155,41.8299,4.1828896551724135,0.666768148859944,0.009638781685479714,0.7455999029163813,002580.csv
22.5474,9.0328,8.6212,0.0023,28.6457,478.5521,8.7261,4.1317551724137935,0.6969797020212953,0.01624750144858652,0.3839491059034409,002585.csv
6.9085,-8.0113,-1.7118,0.5715,-36.2441,93.6246,-9.2415,0.6373,1.4543736339911884,0.06881339986490742,1.3518044303313568,002586.csv
10.3552,4.0601,3.4210000000000003,0.1843,13.3247,-71.6398,2.1289,1.2395793103448278,0.779473362431532,0.032792354357295925,1.0699819729080131,002593.csv
30.5914,18.7894,17.2211,0.0334,15.9576,-3.369,16.535,0.9861793103448276,0.22234915155864268,0.0351552056354911,0.1788867587840083,002595.csv
20.4602,1.3254,3.0719,1.0738,55.7399,105.0298,0.9382,1.890327586206896,0.5202678610486691,0.006279892541342596,0.4298273716726043,002596.csv
22.2745,17.381,9.3754,0.5101,12.9005,530.0594,24.4042,3.3543724137931017,0.18917312081432905,0.026304389339959863,0.33197742690386456,002600.csv
28.0194,9.1619,6.5865,0.2378,-56.5887,-91.2062,-4.1163,0.8346586206896554,0.6641999506104669,0.2775286019758264,1.5102653972629976,002611.csv
35.9764,11.3662,7.1335,0.2498,57.0441,-9.2354,34.0455,3.4675413793103464,0.4809206104735661,0.032965772974302934,0.6000023280493909,002614.csv
31.2595,13.589,7.2488,9.3589,29.2332,-9.7035,14.0965,1.0776241379310345,0.4649741953986594,0.054693901164332696,0.4629927084139793,002616.csv
52.254,30.2783,23.6255,0.5732,4.516,329.3377,17.914,1.4071258620689655,0.15539366421905704,0.02166304168513392,0.15107727591903086,002626.csv
3.8479,2.8919,2.7511,2.1433,-6.8901,24.3273,4.3141,0.8060517241379314,1.0347430271697018,0.017840270779608324,0.9834805564193824,002628.csv
38.5254,8.5324,6.9419,0.0368,-18.2211,-134.9546,2.8355,0.8385637931034483,0.4974185392594237,0.0482290132611444,0.3399518646638521,002632.csv
23.735,8.0318,6.3262,0.0739,-11.6324,102.2395,5.2444,2.007286206896551,0.5237345435999134,0.044111238231660216,0.2835285250167158,002635.csv
44.8804,10.1125,10.11,0.0917,4.4297,7.3017,7.1516,1.149889655172414,0.2713571161950737,0.0276527941976948,0.1568833012154008,002643.csv
24.4838,11.4359,9.5928,0.2303,19.9507,242.1326,11.1443,2.4324293103448267,0.5724576348840424,0.05235388367620377,0.7590876134993167,002649.csv
68.0673,24.1432,14.1817,1.1215,0.3584,122.5136,22.3938,1.138601724137931,0.12749363337951106,0.023266957311375392,0.17999421248696487,002653.csv
26.1807,3.6185,5.6452,0.0765,21.012,94.9126,3.6852,0.9649379310344824,0.6500873483497196,0.02351761344120749,0.7248372037259905,002662.csv
18.2268,0.6499,-0.6514,0.0432,280.6921,-26.3643,0.5919,0.7834827586206896,0.530990088770013,0.007017789280469668,0.15518421970733376,002667.csv
31.3741,9.622,8.9184,0.008,58.332,-7.8259,9.3363,1.9593172413793103,0.6256903333869348,0.04036750561471509,0.3179022240978545,002669.csv
17.4433,48.0436,21.2906,1.2748,-0.9639,99.7127,3.4928,2.2307275862068967,0.25212847062228283,0.10611843912923108,0.3916865269145565,002681.csv
21.54,9.4285,6.7548,0.3698,4.1183,99.1659,60.7322,1.8653689655172407,0.20527570233767609,0.012451650088269442,0.23551700927893704,002683.csv
34.7148,7.1239,5.7064,4.9061,13.8351,-3.347,-3.8145,1.2917258620689658,0.4504436995161405,0.0512245886995147,0.4969379684124983,002688.csv
37.803,12.3366,11.3473,0.0868,14.2362,1891.4751,12.6526,1.3790258620689655,0.2121259942341732,0.01998767395366336,0.19063744145148606,002695.csv
23.5853,3.0891,2.0085,0.1465,1.4767,100.7679,3.1376,3.0660758620689665,0.2984835465821383,0.010096805963303602,0.2202488227751372,002703.csv
40.3034,19.5321,15.5201,0.0466,63.6909,349.2976,12.8136,1.0705724137931034,0.0942858093977662,0.012711879640308406,0.09552593386221876,002706.csv
34.973,17.2613,11.9997,0.5215,80.0677,148.4407,21.4312,2.8477103448275862,0.06410308311093009,0.001323438486352661,0.05611504363994002,002709.csv
25.6254,3.0621,3.2985,0.0225,11.7252,16982.4761,3.1565,0.6206706896551725,0.2067736567126471,0.002682044060724285,0.14249510515420932,002715.csv
22.8647,6.221,4.5407,0.2942,32.2182,147.9036,6.5854,1.1899689655172414,0.6143593335727363,0.033592701310541886,0.5073520014095544,002719.csv
6.4170000000000025,31.7373,14.5295,0.35700000000000004,0.7551,179.4171,45.8081,1.5741327586206892,0.26501315747572063,0.02292958133106326,1.4698301072306916,002726.csv
35.8188,15.2497,11.0724,0.005,21.2869,13.8238,25.4734,1.9487086206896551,0.2366158203010462,0.02651760682990019,0.4520860760871503,002727.csv
10.2391,9.0523,7.218,0.0049,-22.4288,-94.386,36.3428,0.8855741379310342,0.7361343532554885,0.16093631354709925,0.5788589583660079,002746.csv
22.7211,2.9466,1.8458,0.0037,14.328,-7.0758,2.8357,1.1215655172413792,0.3116376788097604,0.015363658143067276,0.3350577145564945,002771.csv
27.5971,7.0923,4.3803,1.4659,15.7726,105.9322,4.9865,2.8137620689655183,0.7476831939429106,0.023300059509669083,0.3581436639952676,002772.csv
53.2486,15.633,10.619000000000002,0.0556,25.7841,29.2435,9.8268,1.4679551724137931,0.20151922574505093,0.028096286485193283,0.17604909855421194,002777.csv
24.1149,18.1324,15.1822,0.0287,10.0448,116.6577,79.9269,1.87211551724138,0.2244638858123761,0.005504468187527164,0.16975456051997048,002782.csv
30.4616,14.3328,8.8176,0.3983,13.7605,22.2594,16.6923,2.818706896551724,0.5223753823797165,0.07243928282336752,0.7130206929821321,002798.csv
32.2378,17.6749,17.029,0.0067,15.7604,30.0496,15.6178,3.2174258620689664,0.20848015979769746,0.030532509444109606,0.14385197257956928,002801.csv
36.7625,23.8195,19.0694,0.3316,19.6174,87.0034,31.5924,1.7517241379310342,0.11109823638278547,0.016602562401384833,0.10967822900781553,002810.csv
42.6338,14.2533,9.0508,1.0608,61.5756,100.6923,143.9629,1.805672413793104,0.0943148351831262,0.008103928764038365,0.03036030210001824,002812.csv
67.5466,14.6732,14.4656,0.0104,-18.5911,37.7383,12.4187,0.7331879310344829,0.5137702496413329,0.07653485611806495,0.15435110263176455,002818.csv
19.0827,10.2336,7.9144,0.014,23.4898,-0.2471,4.2663,0.8096258620689656,0.10147812692356907,0.010803022619199463,0.20057973220315944,002819.csv
45.6359,2.34,2.8849,0.0133,-22.1748,-94.8018,-1.406,0.6190655172413793,0.5090032612287566,0.0380995532694056,0.23670465306793706,002820.csv
27.7518,56.8469,41.6603,0.2401,50.3576,-18.9906,77.3041,2.206712068965517,0.18015256754745645,0.02293328095128866,0.2993829947016982,002838.csv
34.2442,7.7415,6.8338,0.17800000000000002,31.4311,-18.5347,-17.6907,1.6698017241379313,0.3419625898402832,0.0371169631587927,0.2450576681166265,002843.csv
19.9476,10.1579,6.5604,2.5045,12.9201,-47.6343,15.2534,4.367246551724139,0.26108936837989194,0.02667708935494475,0.4241433413289991,002846.csv
28.1603,5.5138,4.4288,0.0836,44.2101,16.2815,60.1617,1.7586741379310342,0.2332658817373877,0.013949201314521629,0.1321248909596036,002850.csv
40.6652,16.6542,12.2788,0.6778,46.1802,217.4513,19.2109,2.4303344827586213,0.14895769223643113,0.010478218554025287,0.08191845114684372,002859.csv
24.5535,1.3769,2.8205,0.8276,-8.1166,-71.9621,13.9245,1.4209775862068967,0.4074644878281458,0.006750167905035779,0.3430012301578978,002865.csv
41.0329,20.0737,20.6338,0.0074,6.5205,15.6805,14.3391,0.9547293103448281,0.22507725237866247,0.04292744264796343,0.2348722469182487,002867.csv
30.3512,5.613,4.8775,0.4261,-19.343,-108.4978,-1.199,0.4475534482758621,0.41793805615880375,0.02958829153421527,0.1664010134111455,002868.csv
17.3577,8.4524,5.4597,0.3313,44.2366,91.7107,97.3582,3.3082689655172417,0.2552725124175279,0.008358404392425642,0.2103310514918362,002876.csv
54.1338,10.7904,9.6477,0.0355,-0.8823,31.7689,5.2672,0.9652258620689655,0.5659750362032502,0.05646954730333805,0.33012208209449845,002879.csv
15.0149,10.1026,10.8484,0.0113,-3.6182,-11.3521,5.1147,0.5703982758620689,0.4989926836980221,0.06909228566947621,0.9755403760051844,002882.csv
18.5283,7.1808,5.9487,0.086,48.4468,-28.7428,59.2225,2.6790810344827576,0.33492598082738434,0.01523255582807244,0.2864982197647534,002886.csv
39.3704,13.8573,9.4752,0.4313,33.8991,21.6154,11.9709,2.2948310344827583,0.5674440983805707,0.061685002104886776,0.20964867421536496,002887.csv
24.6997,10.4907,10.1748,0.061,22.2589,154.7748,104.689,1.8287258620689653,0.17087939988101966,0.00804160552274768,0.17330778809140598,002891.csv
24.6105,5.7811,5.3794,0.2016,14.4025,-107.5016,47.9325,0.5605948275862069,0.542415159208427,0.0296881241886296,0.32616820062297114,002895.csv
26.8795,10.6116,8.1987,0.3471,14.813,-41.8986,9.8667,2.136962068965517,0.3451510632660505,0.0273319495328416,0.3452540824333111,002896.csv
47.1406,6.877999999999999,5.7562,0.0417,337.6083,-6.2821,7.9858,3.612081034482759,0.321626578482549,0.003736686036368375,0.04612147108001827,002903.csv
26.4712,22.9887,13.0305,1.6172,-8.6595,-17.5629,48.7977,1.2898500000000004,0.1334925845774444,0.023918878333626773,0.20112819181765768,002916.csv
29.1867,9.2551,7.8337,0.6895,22.9943,34.3165,21.3085,1.4926568965517242,0.4853442710676456,0.0320841445624446,0.4976094093145324,002921.csv
33.747,22.88300000000001,18.8702,0.1727,56.2149,8.6672,15.8404,0.9767724137931036,0.15169042742395314,0.03344421925552028,0.13833699391106832,002925.csv
30.1456,13.2327,10.982,0.0005,16.6038,5.9837,8.826,1.2755137931034484,0.3533977457060669,0.036909127048760176,0.2757895390594329,002937.csv
38.4273,8.455,7.8474,0.0023,27.0277,-54.3269,4.2007,2.0524775862068965,0.3067125376014954,0.03844086606704305,0.13678140863475127,002947.csv
36.6548,8.2569,7.0862,0.0228,-14.2928,-15.9871,6.1152,1.662624137931035,0.4658721163723516,0.04238101901922898,0.19308856792799345,002962.csv
43.2701,14.5194,9.155,1.1315,36.1821,64.9872,12.3874,2.9120189655172406,0.08533489916256715,0.009294111627417242,0.08677611072660857,002967.csv
21.4215,16.3617,13.3782,0.0166,41.0406,47.0114,12.8431,1.3466913793103448,0.13173008314840806,0.01705457123534644,0.17215046644484233,002968.csv
23.9299,30.0202,12.8865,2.1715,2.5353,202.7111,37.0062,2.1489724137931034,0.1526102295653187,0.015517245615124424,0.2519656243677982,002973.csv
64.5308,21.9399,20.6826,0.0993,13.4785,54.8895,72.0406,7.1639224137931015,0.2080138428584153,0.02818855628096037,0.07443584657488364,002978.csv
33.8427,14.1797,12.3423,0.0165,-28.1789,-55.1061,308.0038,5.352587931034483,0.3617719346950403,0.046598588970734496,0.2325610907957906,003021.csv
40.2836,14.9531,13.2131,0.0238,-25.4918,-46.8731,158.7694,10.218363793103446,0.4273991985664241,0.049431388861444166,0.22173130967835253,003027.csv
68.0891,-23.9624,-8.0244,1.4166,-8.5852,-42.483,-24.722,2.132574137931034,0.2864181285562423,0.024441058138810288,0.3223919719366831,300006.csv
33.4664,14.1502,6.4105,1.7158,10.1004,117.6691,15.8218,3.4741620689655175,0.3541913503899091,0.044418098850761714,0.4280481208850847,300007.csv
66.5814,10.9448,7.5026,0.6074,-3.65,-95.8184,20.0894,1.3547448275862068,0.3660468912119676,0.07313510285103424,0.18893931347860404,300016.csv
25.3142,2.5396,1.368,0.0155,-14.3273,104.3695,0.7338,1.4335637931034486,0.5434681544540868,0.002349814262046192,0.3736900443392099,300017.csv
51.7268,4.2845,3.6356,0.0005,-4.393,-35.5547,4.1329,2.7812862068965525,0.39509956657649015,0.0179524441926605,0.14618927845648153,300018.csv
31.8405,20.7446,15.984099999999998,0.1514,68.531,49.1382,17.651,4.455958620689656,0.1932977623801949,0.02281638738159987,0.1763062115998438,300019.csv
56.541,8.2028,7.5618,0.1327,27.0349,107.8343,6.0083,1.1962913793103451,0.5756989547255418,0.03238492983722627,0.4016119466238864,300026.csv
57.8151,10.9729,7.7395,0.0328,-4.3103,8.67,1.0037,1.6518172413793104,0.2638808375151778,0.028268754169359762,0.22115136500157528,300036.csv
36.0007,12.5932,9.7861,0.1523,52.1708,132.4002,53.4536,2.8400603448275863,0.14900963708379225,0.01022998211134035,0.07154928467881633,300037.csv
13.6006,4.1132,4.604,0.0096,7.1928,-20.2052,3.9164,2.264622413793104,0.7716402668721684,0.027718664468241738,1.0625282757195944,300047.csv
41.5504,1.0768,1.3658,0.0201,-53.0698,102.0716,1.5052,1.7310551724137926,0.8012009565721125,0.008613994918707036,0.33404134575631883,300050.csv
11.1523,2.1818,3.6829,0.0878,10.8735,45.5208,2.3733,2.185694827586207,0.4353123308117984,0.008016528537166313,0.7155992337971265,300056.csv
36.9743,11.4778,10.7672,0.0213,-17.3773,-7.4125,9.6306,1.121037931034483,0.3928414084811269,0.040682411141416436,0.20764350207990093,300066.csv
29.8338,5.595,3.1554,0.3802,-6.7001,-19.0604,2.9583,1.5979068965517245,0.8383098461827146,0.057302025584430566,0.508265914560628,300070.csv
19.213,11.2648,8.1919,0.115,160.1398,129.2664,26.0692,3.3248103448275863,0.1545243148399734,0.01843826370801881,0.10077279599608956,300073.csv
30.3168,12.8363,8.3872,0.012,-7.8554,30.1937,11.1931,2.3474224137931032,0.3303062875197084,0.022947593435740963,0.3025875348070449,300092.csv
53.9875,8.299,5.2789,0.2103,50.0975,15273.7255,9.0738,4.163879310344829,0.10722748764849764,0.0015885254676202437,0.05288090501779872,300101.csv
34.9096,4.2676,3.8475,0.0564,62.8246,44.9248,3.8055,1.032337931034483,0.4419371780171709,0.00975871227114092,0.2934103287473989,300110.csv
38.8695,14.9552,10.9093,0.0229,11.1214,87.4604,18.8888,1.622989655172414,0.2366234956269173,0.02795865097763648,0.19967274997162765,300114.csv
54.0397,17.3979,14.3309,0.3917,24.3696,184.8294,15.7229,3.3723965517241385,0.24339648954141296,0.023795332806930254,0.16125188221527545,300119.csv
32.7883,-7.5151,-1.69615,0.6843,434.8648,-483.80300000000005,-7.6502,0.7136689655172412,0.1989149707826558,0.004255265726644979,0.04270522367072753,300125.csv
34.4739,11.5775,11.0505,0.0003,4.7318,1.7102,2.7535,3.4488120689655184,0.23826124508332264,0.02741370991061769,0.1120514621408645,300127.csv
16.663,14.0464,8.1673,0.7865,25.6308,68.6632,18.0791,1.4756965517241378,0.2610707998100887,0.02411857126292557,0.3980779037816249,300138.csv
86.3965,17.5845,16.0479,0.1097,323.8823,1527.8705,34.5228,3.4588551724137933,0.08983247271635413,0.0030369249330021593,0.01907927002559143,300142.csv
62.8155,23.5848,19.7467,0.1762,20.5881,93.8769,15.7101,2.3413844827586208,0.17884324388980322,0.03488658006635311,0.1419071873573119,300146.csv
26.4691,12.119000000000002,8.0184,0.0671,36.7321,240.8993,0.4108,2.972253448275861,0.2305661848065647,0.02850377570252909,0.2949630520674903,300160.csv
48.7921,8.2609,7.5385,0.1544,-36.4511,-2.5846,-0.8522,4.62431379310345,0.3342572685543211,0.04322144626770457,0.185160020079276,300179.csv
57.6027,11.965,9.2669,0.0496,8.5939,0.6497,11.4964,1.7833120689655175,0.20431639448108227,0.018973561726873454,0.13505683618697828,300188.csv
32.57,7.0755,5.6868,0.0134,6.4476,-45.973,-3.7361,0.5347482758620691,0.6181202701607265,0.055984601956140516,0.2701349135560193,300193.csv
65.3968,5.1766,4.3744,0.4012,-18.1895,-82.4324,2.7915,2.007213793103448,0.7822530486591319,0.05550097703504999,0.5283167590472406,300194.csv
59.41,42.1138,39.8402,0.024,33.7145,-15.1019,40.2793,2.8313896551724147,0.17916654840854154,0.024919578030695503,0.13882524681887748,300206.csv
14.86,12.741,4.6489,13.5838,23.0326,116.2328,18.1897,2.044848275862069,0.1668121930612677,0.01979799917838584,0.6834632028020556,300207.csv
33.1848,1.9709,1.3113,0.0084,-15.1695,-55.666,-4.3931,3.0413172413793097,0.16710063415522047,0.002585410187892807,0.034551417906596466,300211.csv
16.9853,11.2961,12.4406,0.0725,-14.6649,-71.4346,10.3462,0.6901810344827591,0.5761902441796684,0.057155774079540776,0.7141426928646843,300214.csv
19.2958,4.7572,3.5941,0.5798,8.2957,69.7066,1.6087,1.7597396551724134,0.4713180192414938,0.0318932805023398,0.7649555685027608,300218.csv
27.1263,1.5525,1.2366,0.0559,856.4795,891.3308,563.3465,3.7055862068965517,0.2605566438240229,0.00189193618837786,0.01313454969362906,300223.csv
21.7487,5.0916,3.4051,0.0833,13.0593,545.5682,-0.0813,2.944313793103448,0.2425542491500468,0.009250311484433749,0.17123185374245953,300224.csv
21.1115,12.2888,7.8616,0.311,60.67100000000001,56.8048,13.3347,2.0012172413793103,0.3691387354727155,0.03960843507293083,0.482733155526761,300231.csv
72.5278,6.464,4.9242,0.8525,-1.4696,99.157,2.6513,1.8897396551724128,0.13682643516963475,0.009371768893146608,0.08077971625890913,300238.csv
4.1613,-42.8857,-13.5147,0.0056,2.7243,-1449.9358,-33.9135,2.0211534482758617,0.3593174227839015,0.003109906549597716,2.1843086145244257,300242.csv
14.4494,-23.6445,-6.5013,1.6938,-4.8061,-308.6816,-21.0873,1.8836775862068973,0.2296891148563384,0.0010667427720676486,0.3911476572676609,300249.csv
45.094,16.1081,15.0561,0.0212,1.6831,17.0961,15.4846,1.2790827586206897,0.4575014007371738,0.052438217904589995,0.2250504838730531,300259.csv
20.1027,2.9617,2.6643,0.0535,82.7349,-82.805,2.4201,1.5533672413793105,0.5607905841390928,0.011075813786286026,0.12753654315612425,300281.csv
46.3366,13.2718,13.354,0.0429,15.9632,11.7779,36.7705,1.5945620689655169,0.10818267035488684,0.011917428697060974,0.05219467098416744,300285.csv
46.7032,15.425,11.3578,0.0029,13.9226,-68.0952,7.6179999999999986,2.3449482758620688,0.2663672432516804,0.037152031107141006,0.19832426183126312,300286.csv
31.0012,-12.5072,-5.6768,0.2674,-21.4627,-31967.2059,-13.7862,2.2949758620689646,0.5012211618681228,0.04144665005057505,0.5297323301689739,300296.csv
47.2263,2.8803,3.3395,0.2236,41.975,353.5717,21.2078,1.8241965517241376,0.3091734475985889,0.002595854645703943,0.07652638574469896,300302.csv
58.6367,15.2819,13.7953,0.0039,19.3343,-59.6866,15.0414,3.2625655172413794,0.20239675257810474,0.0221482118137621,0.08895282420503707,300314.csv
24.8643,11.0447,8.3995,0.0867,-2.9154,-46.6281,9.5781,2.6908327586206893,0.5669109111699548,0.06950453006787395,0.6958578691261077,300320.csv
21.2231,2.9974,2.3147,0.1204,14.3541,80.8248,104.568,1.1430844827586208,0.2460782670187746,0.01633977269725521,0.3424444366680208,300322.csv
28.8734,-26.8096,-16.6542,0.1438,-2.3919,-2421.5598,-23.0409,4.094955172413793,0.8225835582854089,0.04176641076587926,0.5364186370566922,300324.csv
40.5476,20.6698,16.9235,0.0039,14.2367,0.1799,9.6228,3.3276379310344826,0.0952145633411602,0.017486728162880633,0.07718367636779383,300327.csv
12.3299,1.1468,3.0242,1.2492,10.0815,-89.885,0.4867,4.187544827586208,0.3583756614334751,0.004052274078788703,0.5031447893882476,300337.csv
47.4346,17.2019,15.9704,0.0484,15.4731,58.6617,281.4632,1.4911086206896556,0.11901561145668595,0.006503462688540214,0.02096426969818385,300347.csv
36.4345,5.4323,3.9423,0.035,10.3807,107.0406,5.5747,0.8760482758620691,0.5731549097856055,0.030653539183497964,0.316095947014478,300351.csv
53.5661,16.6052,16.5953,0.0308,6.2536,0.1596,13.8044,0.845046551724138,0.3741391627891138,0.051907822584886056,0.1705947121453064,300371.csv
21.9029,0.9193,1.9627,2.0936,-24.0303,-210.3159,0.1817,3.077696551724139,0.5103936356155436,0.0212296871763914,0.3126317801346661,300374.csv
66.3457,8.3063,7.1456,0.0176,4.8619,19.2572,8.4854,2.8276603448275863,0.22406288384690226,0.01583838183926255,0.224040851852874,300378.csv
39.479,8.7427,6.8126,0.7946,29.3297,-23.5663,17.94,1.2146586206896552,0.3191552276284345,0.03081365819044416,0.19347105299931794,300398.csv
38.3289,14.2141,11.6234,0.0696,19.8139,25.7888,9.4676,3.962662068965516,0.38747153537221024,0.04608132008152095,0.23614617872251065,300403.csv
30.7148,3.5610000000000004,2.6898,0.0143,49.2141,-140.9985,2.2492,1.3763724137931037,0.288814829933714,0.015791762675953863,0.1289533331493728,300414.csv
44.3321,13.2225,7.9582,0.8489,24.7314,30.9032,21.0072,1.120556896551724,0.21082432278356314,0.020018636090887883,0.1836056624215293,300416.csv
44.682,21.5559,22.751,0.0211,41.9339,203.0135,50.505,6.552072413793103,0.29961630317267296,0.04232534039389136,0.14287247555590835,300443.csv
32.3825,15.9006,12.9425,0.3065,7.5655,56.8469,17.3424,5.184770689655171,0.1737041720639348,0.014818658688669774,0.1686705903170024,300453.csv
45.485,6.8265,5.5371,0.4353,6.4054,101.4047,9.7551,2.8555258620689647,0.20930153966009515,0.009578941896959178,0.05116971772529785,300456.csv
30.9236,4.5452,3.3319,0.0367,120.0499,-10.736,66.8168,3.9078293103448285,0.3972266693084112,0.012644309193469773,0.1332468540936292,300457.csv
33.8536,9.0132,6.504,0.0146,8.8095,203.8849,6.516,2.5976327586206893,0.2288590143953621,0.013576252310631566,0.146474996086301,300458.csv
40.0035,97.6556,7.6094,0.6168,27.2185,93.157,406.7847,9.456141379310344,0.031014465367537575,0.03250639627650488,0.1735783530467452,300461.csv
19.0842,-71.2787,-29.4871,0.1998,30.1167,-903.3092,-56.6219,3.644277586206897,0.2983067699945179,0.03272345429735452,0.4278896976844862,300465.csv
30.642,4.9198,4.2417,0.0278,-11.6046,170.5978,3.9935,1.584558620689655,0.26162724447338165,0.012882052859184204,0.0599210717100513,300475.csv
62.6414,7.8625,8.0309,0.064,3.4118,14.4891,4.7747,1.6573241379310342,0.2075094751284763,0.015380404207401374,0.08128671330688585,300480.csv
35.2085,19.2551,20.1627,0.0448,52.3442,33.8711,15.4561,1.5148379310344833,0.1751060220002896,0.026560923620822,0.12524937585211934,300481.csv
69.0217,25.0381,20.2344,0.3514,-1.6194,-61.1898,27.8401,1.1964517241379309,0.0945186065403692,0.013679004624794742,0.07280588034487291,300482.csv
83.7931,5.6549,5.7228,0.004,-2.9145,20.4723,4.8738,1.8619275862068967,0.4735104568354873,0.02528777872692564,0.2016479753615612,300485.csv
48.584,7.9047,8.1657,0.1567,14.61,-50.3035,5.2481,0.8862982758620691,0.4217555872535045,0.05083136914628926,0.13975269160156448,300488.csv
32.1678,1.7116,1.4686,0.3434,14.2202,13.0173,-0.958,4.902762068965517,0.7175787984453541,0.03588789127674138,0.596286929167272,300490.csv
43.4724,6.0508,5.4906,0.0602,47.5862,198.6118,2.74,3.6603741379310346,0.3222656466775838,0.01431304171300541,0.13095527183817166,300491.csv
44.2184,14.2073,10.9242,0.0415,52.0934,89.0402,125.8241,2.445705172413793,0.07486635117510157,0.005280698408378392,0.03735528771027686,300496.csv
32.4359,9.6865,6.0156,0.3666,66.0874,177.7345,23.6434,1.3897482758620692,0.3096857307805989,0.021461987133309532,0.32647407547271184,300499.csv
34.1574,13.7299,9.6206,0.7825,34.2386,75.1141,16.0746,2.9674758620689645,0.30577887959753386,0.029093721724025808,0.25050050378211136,300501.csv
20.9769,5.9889,4.6831,0.0013,16.8365,150.0843,3.1316,2.1202982758620688,0.4528878503940664,0.026247302328971125,0.5173446759186122,300504.csv
63.4472,5.3101,5.7598,0.0187,30.8214,-57.3163,4.3573,1.5267999999999995,0.3006698049968493,0.03617009430382803,0.1062938501466896,300508.csv
25.5336,9.6289,4.7638,0.0684,3.5486,449.5127,2.2954,1.617327586206896,0.33035588048030146,0.023911212622550655,0.39256852308052,300509.csv
47.1084,-2.3819,-3.0746,0.0474,13.8307,26.7235,-2.5036,0.6420327586206899,0.2013183721786177,0.0023058029955012336,0.06529485719954935,300521.csv
39.1654,5.9255,5.7462,0.0712,5.5558,-4.8833,4.3338,0.609656896551724,0.2421073436412341,0.0193981980828668,0.2528539121695036,300523.csv
34.0762,8.7219,6.7074,0.011,96.313,94.9854,20.4301,1.9110913793103448,0.32481051631259666,0.011023012587021128,0.2006098253114462,300531.csv
29.4071,7.4208,3.7775,0.3378,139.2528,-15.4395,11.0379,1.5037086206896548,0.32717940645617866,0.0196804793527576,0.2954094608153179,300532.csv
23.3174,10.2373,9.3814,0.0007,1.4863,33.5386,3.4216,2.1741396551724144,0.17687760657370966,0.015367309495109834,0.3004593915261182,300542.csv
25.7037,13.1703,10.8762,0.0201,40.9068,2828.8874,16.4966,3.5676568965517244,0.13198610186249113,0.004722523123710286,0.09497350120875724,300548.csv
92.5733,18.3709,14.9683,0.4591,16.7684,98.724,68.2875,1.192422413793104,0.08304001296634064,0.00538351345358935,0.03277605191833999,300558.csv
48.4724,20.2345,15.36,0.0012,-6.6085,-50.7858,15.6024,1.6563913793103453,0.2105792347857766,0.04027535890786575,0.11448579402180754,300559.csv
21.3315,8.616,7.7832,0.0283,18.1701,-35.0993,71.7126,4.605151724137934,0.3688999050605848,0.022581179988609385,0.2042024900201032,300563.csv
30.2635,5.8682,4.6676,0.015,54.331,8.0731,-2.1406,1.0792534482758622,0.3674341646489629,0.048801444390689584,0.2198342935329502,300570.csv
23.2498,14.3216,9.5143,0.5127,19.8343,45.2661,13.6688,1.9221172413793104,0.290630494545993,0.03114651504966845,0.32566632574076115,300575.csv
28.4838,6.456,3.9178,0.2722,-36.6577,-38.5975,89.5529,1.2301068965517243,0.2595896649555465,0.03427796898965122,0.44233528007697737,300577.csv
59.0025,14.3534,7.9142,0.0159,15.6587,54.8678,11.1265,2.0360896551724137,0.10280521571267534,0.015118300319616687,0.12188381964912187,300579.csv
37.9743,14.1058,10.1367,0.5418,19.5752,73.5327,15.7971,8.352031034482758,0.3182068878930883,0.029879385977317995,0.28173778786592624,300582.csv
17.8274,-13.1301,-5.9337,0.3406,-94.4385,-469.1139,-14.5035,3.9475413793103455,0.22640775142856234,0.0037620426521160787,0.19179759289544684,300592.csv
78.5426,28.1157,24.1331,0.0083,63.0903,96.3628,31.6856,1.6762327586206898,0.02837241989772253,0.005449772588583654,0.011461170222468882,300595.csv
27.2527,14.4147,10.3979,1.0233,36.827,161.392,12.8624,1.052125862068966,0.2779242371373173,0.03580966282982945,0.28012699286022713,300596.csv
52.8861,15.1237,14.7927,0.0309,32.3834,-32.2813,11.9305,3.2234810344827585,0.15695048212589247,0.02022327609021362,0.08360089414658642,300617.csv
44.0076,5.811,5.0078,0.0401,29.0053,-19.7284,121.0183,0.8820534482758621,0.3393104074835945,0.014026386970519146,0.09576205240485376,300620.csv
46.6998,11.977,11.8976,0.0238,53.0541,62.367,10.7736,4.003439655172413,0.1209328087919232,0.010035068391672123,0.035683840409667184,300623.csv
42.1889,6.4142,5.8984,0.2522,8.1883,176.4238,36.9199,5.630051724137932,0.3035393126256654,0.018671141672928847,0.08168535029267307,300629.csv
21.7439,8.1854,6.5677,0.5358,65.7623,0.1366,132.2349,3.677556896551725,0.2189141480517901,0.006268624865213436,0.1357425669886278,300655.csv
41.4407,30.9709,21.9272,0.5077,18.122,-292.3399,30.1086,4.242106896551723,0.3117080118620146,0.02399367333428257,0.2919720053973665,300658.csv
66.0844,22.8912,18.6791,0.005,104.4141,88.6692,167.275,3.2481379310344822,0.14253413070042284,0.013913036351087808,0.06680567772079743,300659.csv
35.1509,21.7204,12.2685,0.0003,22.6232,65.4532,25.8807,1.6069931034482754,0.16599407226917506,0.020711048760891027,0.1986869252663987,300674.csv
34.6643,9.0152,4.4336,1.2419,-12.5482,-54.2692,7.2222,4.342639655172413,0.19866785108523985,0.015374896648389456,0.19617334766551114,300675.csv
69.0294,129.5064,104.5663,0.2012,777.2139,5317.7864,532.4855,4.621250000000002,0.09328234828265487,0.026422651537928686,0.06976208133399868,300677.csv
23.31900000000001,5.3844,3.903,0.0067,25.0068,-18.3238,3.9735,1.4886793103448281,0.1851607573295928,0.010738706569124358,0.11200996682937953,300678.csv
19.4979,2.3041,1.0597,0.6497,83.4631,126.7508,2.6835,2.1584241379310343,0.2467359004685253,0.00536747585268556,0.1464793882776325,300681.csv
45.8569,13.8995,11.2175,0.1746,15.874,25.3295,19.3223,0.7424413793103449,0.33185813386436763,0.07065123158314468,0.2070065919192191,300682.csv
13.8485,13.282,11.9499,0.004,14.0764,145.9436,6.6291,3.879396551724138,0.2755943505201946,0.03977171203712308,0.5735308408613363,300697.csv
49.8077,18.6499,16.8098,0.1806,26.1472,19.5916,12.0383,1.44513448275862,0.0864768785614258,0.012651130120835548,0.04158608153761033,300699.csv
50.6467,5.26,3.6044,0.0033,16.7596,-19.7475,4.5337,3.4646534482758624,0.1868852560095539,0.005623419794001491,0.0871328376774975,300711.csv
43.2049,23.2594,12.546,0.3526,49.3693,59.8175,26.2324,1.5907258620689655,0.18103022253777715,0.020492024213399608,0.17534202313372185,300715.csv
49.3856,10.7207,9.9626,0.1073,14.866,45.1645,4.8524,8.392149999999999,0.062340276001222286,0.005618099134425385,0.03156188789539007,300722.csv
82.3669,16.0359,14.3737,0.1431,7.8535,-147.0695,11.7394,2.0618517241379317,0.19956630963762745,0.01993692908171125,0.22328423682659507,300723.csv
45.7882,13.9785,11.642,0.0391,49.8727,-1.0219,155.7438,2.3968758620689656,0.03948933740121534,0.006257374719836382,0.027880765643743904,300725.csv
69.1489,25.0103,24.8774,0.1101,115.4949,130.4515,20.372,3.2638206896551725,0.0708147492968138,0.010966210762083706,0.031609257292801084,300726.csv
24.2164,9.3348,7.523,0.0477,38.6259,52.0987,6.3484,7.380379310344827,0.16657409026620731,0.014564965255588674,0.18054952266857446,300727.csv
41.2571,13.3269,8.2853,0.3411,17.0929,27.1885,9.8136,0.9250344827586208,0.7682950476699283,0.09196399062615143,0.5381153648836464,300732.csv
76.4431,15.2335,15.0147,0.0033,-5.2566,-9.705,-0.6358,1.5508344827586205,0.2538945362862941,0.0419167237438485,0.07417635991139375,300741.csv
24.1542,16.8737,10.3801,0.47,52.2946,90.2531,17.8225,6.339808620689657,0.10843021551696616,0.010811055237836369,0.1147625115581776,300748.csv
37.4693,14.0934,11.6203,0.2791,36.8767,69.1424,14.2043,2.0518706896551717,0.0814224064430338,0.005531539538792993,0.036676184786448095,300759.csv
8.5762,3.763,2.9318,0.2931,3.6141,-79.3461,-2.1227,2.713982758620689,0.4453912787676765,0.09923000214989998,0.5953030593993927,300761.csv
55.6557,11.7941,12.282,0.0201,-3.9917,-24.8544,11.2912,1.8927913793103448,0.35356390072106314,0.037612213410430105,0.1703304193188009,300765.csv
48.3076,14.2618,13.1274,0.0084,-4.1662,-41.7833,11.8064,1.6798448275862068,0.420955238846918,0.06824454171953502,0.25080740570070303,300771.csv
83.889,21.4677,21.0579,0.1252,71.9253,57.381,20.8937,2.2897982758620685,0.057152955247312974,0.007092528992532725,0.01215507978099718,300777.csv
52.8377,49.1772,48.3707,0.0155,55.3861,114.1052,56.1769,1.8845362068965523,0.035439911760971006,0.004456110910837578,0.013483520000466308,300782.csv
23.8952,15.0975,8.5652,0.2061,-25.8972,146.6694,10.6114,1.5082862068965517,0.12761791499039152,0.014986521295067685,0.6285776237658566,300783.csv
40.4405,15.6231,8.9069,0.0091,16.3592,33.255,11.9074,2.53116551724138,0.24180045446436674,0.033861092768718036,0.2516507990519425,300788.csv
21.753,10.2477,6.9566,1.4783,35.6135,64.8355,7.6489,1.1343017241379312,0.3237137296609784,0.027645108296616042,0.328268799123089,300790.csv
43.2552,10.2639,8.1462,0.1473,41.1349,192.7649,10.0087,4.374687931034484,0.2017305487813764,0.018642306261471626,0.1469022266799591,300797.csv
13.38575,1.888,1.4165,0.0175,15.6712,188.6595,0.1655,2.518136206896552,0.2927002031737462,0.02100634539205937,0.26193224511335683,300798.csv
22.8078,10.8368,10.5036,0.0054,9.0959,-50.1786,7.7789,2.8012706896551727,0.4080016907538549,0.03869578582273657,0.2849721363893799,300801.csv
29.7228,35.5149,24.8356,0.2564,20.9157,60.4354,157.1465,3.2520344827586216,0.1999472759286244,0.026214700019418696,0.29409784204333034,300815.csv
35.9029,23.4715,16.8643,0.0707,49.7293,74.9188,156.9291,2.5034120689655164,0.11893105323289024,0.01795300296250334,0.0976371331439501,300816.csv
51.4316,20.4383,18.7322,0.013,46.8456,53.8703,105.6744,4.140258620689656,0.12667468259290868,0.01377957842853939,0.11311805918228646,300824.csv
30.7195,10.7039,9.045,0.0042,27.9109,-7.9758,100.0081,2.6695,0.3254823609902636,0.02902624746063767,0.1941836593102548,300838.csv
53.913,11.9733,9.7505,0.0439,-8.191,-23.3564,112.8242,3.98863275862069,0.2938074970087285,0.031599887336615624,0.12440155850253876,300845.csv
21.5974,19.565,15.1712,0.0203,24.6573,39.4443,201.1953,12.566979310344827,0.21241101530872106,0.024148412393147568,0.18633775165875704,300848.csv
33.3556,19.5438,17.6825,0.063,24.8912,13.1888,147.7036,4.66591551724138,0.19053540678557407,0.01954929829554914,0.10666234655658584,300852.csv
-53.3813,-4.138,-5.0931,0.0038,-68.3733,-133.9661,-8.7143,2.6260689655172422,0.23855595262721746,0.0404425336485863,0.08541179167799333,600009.csv
36.3366,9.7976,7.6266,1.7667,-27.2559,-8.2078,6.6553,0.2121862068965517,0.8040833312424263,0.08319368159386971,0.32924098625151355,600018.csv
63.0149,11.233,9.8774,0.0895,7.9009,2.999,8.0395,0.455198275862069,0.7524479307552608,0.08585973306395296,0.7579224009229131,600062.csv
17.4755,3.1392,0.9403,0.3599,-15.8999,-78.2685,-12.6565,1.1557396551724133,0.4533893256506527,0.057563066228025164,0.9188229145531601,600066.csv
17.7508,7.4641,3.9219,3.6995,1.1854,-8.8663,18.4191,0.7655706896551727,1.0341733012905188,0.16907141041694398,3.5210844368145424,600068.csv
12.057,9.6944,7.3751,0.4863,3.9395,-24.3073,7.7338,1.3907741379310348,0.5026848807861677,0.042946203154413935,2.741452671437444,600073.csv
9.7274,6.2224,2.9761,0.0029,122.0441,-98.9966,14.5403,8.139510344827588,0.3766405958228402,0.004936912129080596,0.01989783612812795,600095.csv
19.4366,-3.5929,-0.2323,2.6772,-44.4767,-129.394,-4.0296,3.395618965517242,0.8109044838947692,0.07278183627876487,1.7105702607677995,600138.csv
25.7731,36.1499,18.65545,1.5476,-0.5442,113.0774,40.8221,4.202537931034482,0.2285167584566732,0.022229901347910586,0.4784265555370016,600143.csv
9.263,0.7516,0.8167,0.109,18.2208,1969.9356,-3.2107,1.3452448275862068,0.5317103916299476,0.03416633361155953,0.6668981450620748,600160.csv
48.9299,16.3642,7.8415,0.0075,100.6831,64.2589,14.2763,0.3095913793103449,0.9027295549269568,0.15930900862635494,0.6086783555153669,600173.csv
26.7773,17.9513,12.9447,0.3125,6.0009,-2.8155,11.9445,1.4834120689655181,0.16602851968949653,0.02543098389340341,0.2319858383857405,600183.csv
26.2238,9.7717,8.6136,0.1314,15.9448,344.7846,6.8867,1.926206896551724,0.3427942004362036,0.019469362835187583,0.3112599321471389,600195.csv
55.6829,10.6348,6.7071,60.3877,11.508,-14.7938,16.0169,1.464298275862069,0.2874005874318407,0.02883752128707657,0.2477559434492393,600196.csv
19.3387,7.3348,3.99785,0.5683,31.9294,205.2112,5.337999999999999,0.6296293103448276,0.4855084153500741,0.03546903619463941,0.637409273261806,600202.csv
16.2256,6.7343,6.2825,0.3670000000000001,4.6248,5542.5355,7.0136,1.509448275862069,0.32208235112017103,0.004778688633147102,0.3944956523788309,600207.csv
26.4018,4.4769,3.0643,0.6916,512.0477,133.6587,4.6302,0.8529793103448272,0.13428103737318686,0.00624133671023077,0.1721857687792825,600238.csv
16.9718,10.7683,7.6976,0.0677,-9.4148,-50.7074,11.1906,2.449417241379311,0.4866123170590902,0.035013624815075965,0.6535833034787721,600251.csv
78.277,8.4998,2.9076,0.2716,-29.3439,-192.1943,7.1325,0.3789862068965516,0.6787757134421437,0.0756135114742945,0.38854925181531197,600252.csv
10.8699,5.5185,4.7705,0.2048,-119.5263,100.2754,13.7393,2.3104385964912284,0.3313955756116436,0.014215242473127743,0.8757746382216731,600255.csv
10.9099,14.0515,8.9542,2.1322,28.6856,54.5187,41.4469,1.6777637931034486,1.1155277683603155,0.12758197414305358,2.349897671588102,600282.csv
9.091,7.0818,3.3106,0.4391,-17.5719,37.0787,4.9674,0.3741500000000001,1.1093791513842128,0.07297299677986929,1.1678982024710751,600284.csv
14.2012,0.518,1.5579,1.1053,8.92,-158.2302,-0.5112,6.641212068965517,0.9293127978866428,0.01726829935313191,0.7268144153216054,600292.csv
40.7595,13.5469,12.6786,0.2378,15.2655,10.8229,6.3724,1.759027586206896,0.10396260844994393,0.014505663473015115,0.08231361827780391,600305.csv
26.7823,22.0341,10.9392,32.961,24.036,136.5768,15.1455,1.9011206896551731,0.1242245598848219,0.02791706970883056,0.19110612630160906,600309.csv
14.3097,2.8043,1.9207,6.2179,-9.662,5.7553,-6.2572,1.3894293103448274,0.7848343030485186,0.028972237421601724,1.3862449278930666,600320.csv
38.5617,12.3712,7.5989,0.2379,17.199,29.0453,8.0352,0.7410965517241379,1.091777951633753,0.1288812372562975,0.8391746020201281,600373.csv
63.9526,10.446,10.383,0.1054,27.1143,23.1502,7.1472,1.1236379310344826,0.4307536631392256,0.035551299712073256,0.4752013142865766,600380.csv
10.8563,-1.0967,0.9669,1.1481,-32.3289,0.4712,-0.4172,2.7454103448275857,0.2115306263536288,0.0033567047124265412,0.5010771381038958,600391.csv
13.4004,2.7963,2.6359,1.7153,-7.4122,88.9946,3.5814,0.927505263157895,0.15729629721774027,0.00343260926104551,0.26411042081906433,600416.csv
21.4241,11.3643,7.3465,1.8105,9.6616,16.3442,52.8076,2.964584482758621,0.37279061838750666,0.033975011966371864,0.3978560244137352,600419.csv
47.076,8.2551,6.2853,0.5637,0.5623,-47.8189,7.1663,0.44105172413793103,0.8575103128050621,0.07157804768829576,1.3340607524030044,600420.csv
43.839,10.567,7.2244,0.1612,-2.6215,24.5095,6.0641,0.8045431034482755,0.6894518436290403,0.0717860842539057,1.268455280713167,600422.csv
23.5121,6.5269,6.1185,0.2619,-0.5207,-0.5549,5.2268,3.997596491228072,0.4107949520043531,0.025719916666190067,0.38393355578080995,600433.csv
21.3889,2.8564,4.052,0.0106,21.389,62.6,2.9374,1.7697517241379317,0.17504744759826624,0.0038451462189485423,0.194763880230242,600435.csv
32.8646,16.2164,15.63535,0.0994,6.6219,-14.4986,13.1373,1.6306775862068963,0.9350801037622358,0.11993524090597422,0.7277166905084261,600449.csv
17.7761,7.0492,2.9478,1.2169,30.6746,-43.1271,3.1366,1.6680275862068972,0.7047467245613726,0.008870970289719504,1.7169968681147258,600458.csv
26.3113,21.9908,14.1942,0.3697,14.3477,98.5301,17.6719,1.007279310344828,0.13738743308725215,0.027853261710867192,0.20795289371024928,600486.csv
16.3002,3.9245,3.2694,2.0577,47.0558,1125.4749,3.2273,0.7043017241379309,0.6000207637223609,0.020762677313586587,0.8173081822688043,600493.csv
16.0905,0.6307,0.5233,0.0579,-32.7924,-168.4287,1.2389,2.174955172413793,0.6535211090581385,0.012163535439374307,0.29340400124874105,600495.csv
11.6238,8.7347,3.114,2.9877,5.8162,70.617,19.4393,0.5947241379310345,1.1379087302501647,0.09557299765984738,7.462745799156036,600502.csv
7.7833,12.5809,7.8031,0.0528,-5.5896,-35.7094,8.6034,2.397255172413793,0.3826535955601783,0.05377415596208717,1.5083426286254094,600511.csv
91.4092,31.4108,33.2552,0.0,13.0865,18.5647,18.6106,0.37719310344827583,0.05606425418763032,0.015575071530805153,0.032277387899019974,600519.csv
13.2744,10.1747,6.7616,0.3098,42.4842,22.8628,9.8966,1.7553310344827584,0.6263717761147078,0.06171015285636406,1.2082561804290803,600522.csv
24.9906,5.8146,5.4322,0.0168,8.8938,3.5288,3.2538,1.0053120689655175,0.4199482976881413,0.022450143274104658,0.3606869090529487,600523.csv
5.075,1.3057,2.1139,1.5788,-13.6648,-76.9926,1.0914,3.293984482758621,0.3098799118108405,0.00909075097106991,0.6250663592198975,600540.csv
18.326,8.193999999999999,6.1004,1.2338,31.5095,60.4468,3.2605,4.227179310344827,0.2869305051958584,0.010249461971628494,0.6693590741069213,600549.csv
15.0398,4.8073,4.4345,1.1636,-0.2267,87.6923,1.7826,3.976472413793105,0.43941202443327537,0.017080618504259192,0.7980662964684531,600552.csv
20.3901,18.1087,3.5941,0.5975,11.6791,16.5836,17.9522,1.0628931034482756,1.4338157183555609,0.223616091617874,2.9673396991065144,600565.csv
8.2813,4.9547,4.2154,17.8854,81.215,-87.5531,1.089,0.5407413793103448,1.1779086717410825,0.10611093234951112,1.3984576962856292,600575.csv
8.8099,11.3585,9.5861,0.2341,17.9841,22.7708,7.6398,1.5339189655172414,0.5737581627414227,0.06995495553896518,1.9461210420211912,600577.csv
29.1615,23.4837,23.8736,0.0961,12.9342,5.9837,17.8074,1.0394827586206898,0.5539671628701199,0.12063216649325785,0.566941213663545,600585.csv
61.047,13.4361,7.1428,0.5504,11.5638,36.4851,5.1628,0.8653344827586209,0.050608361863014574,0.009151861422297384,0.0664590828570976,600588.csv
25.8115,10.129,6.52215,5.7111,19.7559,105.8348,9.8138,2.290320689655172,0.2706523263490017,0.022720085288588567,1.025016315309131,600597.csv
40.4151,11.0637,6.9384,0.5085,8.1215,5.4809,7.5652,1.2573758620689657,0.17656978838011533,0.01568020818273981,0.2344341583750769,600600.csv
70.3744,6.6947,7.4765,0.0008,5.7441,69.2751,8.9569,0.4988931034482758,0.4305810126003039,0.01851370528719464,0.06177320759381698,600605.csv
53.7898,4.2357999999999985,3.2185,0.4145,-58.62600000000001,95.1844,-5.9059,0.4031965517241379,0.5799358596790409,0.016423255280776625,0.011451763243742492,600620.csv
41.2436,10.8012,3.798,0.3563,9.6467,425.9321,11.2542,1.9948413793103448,0.350858652804789,0.0038945286405664132,0.007478699663413312,600621.csv
28.4341,12.0196,7.9498,1.4446,7.0177,12.9462,8.71,0.7286362068965516,1.0077094295445603,0.11659600339202912,0.15021345225235844,600643.csv
31.2883,6.7109,3.9919,5.8341,86.9402,26.6317,3.8712,0.29450172413793096,0.6850624194418875,0.055359692653160944,0.5685024497166661,600648.csv
15.4858,3.9228,2.6999,0.5524,313.2288,324.6775,3.4115,0.3042017241379311,1.5360926550575578,0.04927000679111822,0.3122537315073197,600649.csv
12.7059,6.8499,6.9119,0.2921,-8.236,228.9269,0.9991,0.6509913793103448,0.6613265167669333,0.05149182724559384,0.4919331230702859,600650.csv
24.7706,81.0177,5.9042,1.9363,-19.4157,92.8245,153.5533,0.481698275862069,0.3393735942416162,0.04689815596450747,0.34488335632794803,600651.csv
24.5005,11.2145,5.6818,1.3199,-7.6658,-19.508,2.0502,3.2066465517241363,0.7373528938376182,0.07635029809460901,1.0143354632540549,600655.csv
30.0048,6.6822,4.1321,0.6012,26.4478,-66.3143,5.564,0.6190568965517241,2.05202140226182,0.20537539476217329,1.7903681457758185,600657.csv
39.5064,12.1065,8.774,0.7314,12.066,81.2135,1.0489,1.4737999999999996,0.16213546444056853,0.022268271889332003,0.16242520000830996,600660.csv
70.6489,20.9043,7.9967,80.1075,34.5198,15.86,11.8397,0.12483620689655173,0.4470158297173015,0.08630761284218189,0.3460750926470623,600663.csv
32.1972,5.9763,6.385,6.9698,-46.6828,-61.4036,0.8871,0.7232327586206899,0.4537421199608641,0.07230705619215792,0.9765575602680892,600673.csv
23.3646,11.5935,8.7206,3.0437,17.2713,28.2425,-6.1716,0.3629672413793104,0.5467103553056964,0.08654587177107803,0.6149419319678406,600681.csv
13.3072,4.4413,2.7238,2.8773,-11.8509,774.5555,20.5975,2.0992620689655173,0.4554306784124637,0.029547934522271432,1.9445593371361345,600699.csv
23.4656,1.0033,1.054,0.1538,98.8078,-72.7189,-0.1414,0.26567413793103456,1.6029702049819323,0.02235060531375848,0.34299396878373833,600716.csv
18.797,11.2665,11.0771,0.2403,2.576,4.933,17.3153,2.3540034482758623,0.7012487665809857,0.04459795586598732,0.3549534009214289,600727.csv
30.84,21.9425,13.5991,0.726,11.8397,138.3975,25.0185,2.4859655172413797,0.4187037919283806,0.03613327470382973,0.638326988943637,600731.csv
9.8311,10.4503,6.2495,0.2775,-27.1067,72.2585,14.755,1.0763172413793105,0.969567492313899,0.08629143766537845,2.844006122954968,600742.csv
65.3681,12.7392,11.6921,0.0265,-5.2961,-13.2077,8.8816,0.6838224137931032,0.5707037746095607,0.06962270503245188,0.36657660168249095,600750.csv
25.7395,0.8489,1.5072,10.6878,-24.1456,-108.1323,-4.1162,0.9388706896551724,0.2690316505757529,0.021614214611182285,0.30115378336458537,600754.csv
42.681,-3.7803,-2.7769,0.0079,-12.6109,-82.2059,-12.8448,1.1015068965517243,0.5147366181585851,0.006132376606490622,0.3228062362795164,600756.csv
26.6431,5.355,4.1246,0.4467,-5.9685,-1.9195,9.5058,3.0400482758620693,0.3584952110637922,0.0163088137469559,0.3430397808296143,600765.csv
15.3223,2.2226,2.3598,0.0199,-18.5221,207.9598,1.7795,0.5470758620689657,0.5657858730516154,0.008827939436307653,0.7562450452178989,600775.csv
10.0231,1.7432,2.7919,0.1702,-11.765999999999998,5.8711,1.7996,3.939287931034482,0.8749667470404895,0.060611218847199534,1.4762509011789688,600792.csv
19.9514,10.3338,10.5365,0.3217,288.4757,422.2193,11.0091,1.3341931034482757,0.5170375560299678,0.040493191240181116,0.4605437255151126,600794.csv
7.8543,2.789,1.6488,0.5287,62.3182,99.7958,3.1929,0.21186896551724133,0.3364176732634894,0.007967843311344161,0.4616829689723637,600815.csv
21.7774,5.3266,3.1318,0.6181,0.4894,-6.7085,4.7167,1.1312689655172414,0.7185701823355424,0.04422744767671392,0.957676565761376,600819.csv
15.2415,12.0209,4.68665,0.0009,13.0461,9.7421,6.5361,1.101602083333333,0.2480419751705447,0.029533627698737224,0.7160103061456505,600850.csv
30.0272,10.0692,7.7306,0.0969,72.6654,-79.2374,4.707,1.7440551724137927,0.10557526609872643,0.012674681539553404,0.06244323929081764,600862.csv
8.0331,1.1712,1.9408,0.0108,-2.8052,-165.3613,-0.6063,0.3419689655172413,0.19332113480760094,0.02242115868037376,1.8527018020563824,600871.csv
41.5636,20.781,18.0584,0.0433,14.815,38.35,16.887999999999998,1.2680879310344824,0.09619799942933148,0.01597479862039435,0.10220032756459388,600872.csv
20.3517,6.1694,2.2028,0.5525,3.6425,77.2704,4.9331,3.270563793103449,0.8035537567920844,0.03419885225536417,0.8461952458831433,600875.csv
18.9897,3.8205,2.7329,0.0214,19.4458,62.6491,2.4277,2.9809172413793115,0.6405080447284336,0.023401609860916887,0.6988429877557496,600879.csv
32.4052,5.9124,3.6679,0.0074,-0.9522,-281.9249,-0.1002,0.4286931034482758,0.4581941801280547,0.046438272187178664,0.324425473378086,600965.csv
16.0464,10.812,3.1848,0.9314,-8.6482,-69.3995,5.8481,2.687865517241379,0.7126241023473432,0.102580731657767,1.612727684120838,600970.csv
6.8608,5.247999999999998,4.0173,3.254,-1.8683,317.069,18.0781,0.6905534482758621,0.7767765528805781,0.028951804677019518,5.7535194070878,600973.csv
40.639,11.7368,7.2454,0.0589,108.8773,-13.9313,9.609,1.394043103448276,0.3106910353468084,0.024707235089122682,0.5462002926140159,600976.csv
25.1411,7.3994,6.1918500000000005,0.0341,12.476,18.0084,7.0932,7.391212068965517,0.2749555335706349,0.019108575524681416,0.21001320338332696,600980.csv
18.1718,17.2052,7.954,0.0761,-39.3563,15.1069,8.8032,2.458544827586208,0.8553103044430455,0.14958872757875855,2.4669073600940448,600985.csv
7.7167,2.6248,2.1551,0.0103,-49.6455,96.5448,2.7421,1.2987362068965511,0.6772200738943542,0.01729762641970269,3.4737503411081625,600986.csv
30.2678,10.3609,9.7303,0.2727,-38.8947,-11.2564,7.6489,0.5784362068965517,1.2511246871178583,0.12359237889308447,0.7753116032972447,601000.csv
52.0891,7.1917,4.5311,10.0764,-5.0787,-43.0454,33.6771,6.0272620689655145,0.5222933368407684,0.031539524822097015,0.13477455384881212,601016.csv
19.526,6.6638,2.9666,0.8664,77.2908,-425.0715,6.589,5.140560344827584,0.4377196528214039,0.006172400249185279,0.52603708338031,601038.csv
40.4007,11.001,11.4328,0.6212,4.9014,15.6234,2.3474,0.27422586206896554,0.9930185930695256,0.11935274972845855,0.6693065533412896,601088.csv
5.507999999999999,0.7291,1.449,1.2035,20.4028,-63.199,0.4461,1.363994827586207,0.4290326631435827,0.0059748065946922035,0.6165222428938822,601118.csv
36.6663,8.519,6.0628,0.0074,-21.8081,62.5105,6.1243,1.614908620689655,0.7476710270451645,0.03812372629452302,0.6796740889342713,601126.csv
10.4521,15.5825,7.7059,0.4119,62.1737,77.7903,17.2662,0.7593362068965517,0.2725268842728672,0.03066145168824708,0.9008754408177344,601231.csv
24.128,2.6971,1.7433,1.6056,27.0185,-816.4839,1.957,0.5463068965517242,0.466964400005806,0.00804502881060001,0.3418447269419527,601608.csv
17.2075,9.5981,4.66805,0.8503,22.4842,105.67,5.4093,0.6903051724137934,0.16890693275376442,0.013877244467171715,0.2928710875999834,601633.csv
11.7639,13.630999999999998,11.60005,0.235,30.6982,54.2957,22.9391,3.123312068965518,0.7463317849327222,0.0854285874061603,1.317529139593557,601677.csv
16.6978,8.7798,6.9621,0.0004,-5.1611,129.7468,8.7681,0.7150965517241379,0.5021066125556751,0.03927621785732521,0.5835999439837198,601700.csv
25.8252,9.7943,6.8467,0.6815,6.598,24.4277,6.7327,3.1028913793103454,0.6127835571364129,0.04946180967038212,1.2123522758405827,601717.csv
16.5453,5.7931,2.6751,0.5638,4.8059,-25.8614,4.8227,0.9384568965517242,0.7772476444287715,0.04085978205449745,1.4784215376419425,601727.csv
46.5428,27.7296,18.2528,0.7596,57.3253,258.9041,60.3129,4.7284327586206905,0.12388352388216975,0.010763337059174212,0.06939644638734352,601865.csv
21.7434,6.0965,4.2308,0.4126,8.869,-2.2704,2.9502,1.0460689655172415,0.4869567289610238,0.04299665385483396,0.4254727157532016,601869.csv
25.4524,10.9173,6.0123,3.8383,-30.0246,-214.7761,-6.4144,0.7826137931034486,0.7719394027045747,0.04749915328333604,0.4148849783880634,601872.csv
24.032,10.3015,5.6132,0.1245,53.5446,86.7603,8.9081,0.7001310344827587,0.21580803795560813,0.013203856496309415,0.19295607852316968,601882.csv
25.8617,5.9629,6.0766,16.2587,16.07,572.6697,3.7608,0.5171913793103448,1.5996071895150432,0.09036875903513153,2.0822862098969757,601898.csv
32.5756,5.9795,5.3868,34.0424,86.5669,-30.5433,6.1638,4.703651724137933,0.4335254648922648,0.012609524729184442,0.10055431114659533,601908.csv
14.2088,25.0452,6.5139999999999985,65.4585,35.7782,-0.2881,24.1919,2.2470913793103455,0.264462727950706,0.04446478196022202,0.9877504566726256,601919.csv
21.0423,3.6187,2.3697,1.0449,15.2203,-22.2575,2.6785,0.6185655172413793,0.3675398917546902,0.012041946736683002,0.34263511969455296,601969.csv
26.3838,6.0709,4.6575,0.112,-0.8366,52.7332,3.7625,2.7309206896551723,0.8089963391046224,0.048062672344857095,0.548091889154133,601996.csv
49.6803,14.2667,13.3261,0.0529,54.9055,155.0139,69.4684,3.8279310344827593,0.13431878951828854,0.005417446871930231,0.025788298090487303,603005.csv
33.7589,11.2015,6.859,0.1671,42.8005,26.1421,10.7788,1.5212379310344828,0.3499219708588004,0.04501470610941799,0.6218846339886603,603008.csv
45.8441,17.5368,15.2693,0.4745,56.7159,49.0232,8.8915,1.5524568965517245,0.13680274992532684,0.02095222138066409,0.11212823231028657,603060.csv
25.8209,6.1033,4.2602,1.2637,22.9415,4618.4945,41.3019,1.9078810344827584,0.24879673237408514,0.007992212022192951,0.11136345474177642,603078.csv
-18.7546,-5.3152,-5.1083,0.5185,-39.9154,-308.9831,-6.0083,0.5793344827586207,0.4909444864820621,0.036039770586105815,0.2100091076306756,603099.csv
15.6923,14.8288,11.9268,0.253,27.0806,-10.0364,13.7984,0.664848275862069,0.4817954239756869,0.07735622473322283,0.520853884083004,603165.csv
23.6589,9.0862,7.5733,0.3608,15.246,30.7957,5.3243,0.6265931034482757,0.6074327516804309,0.03715691907443592,0.4198876692099231,603166.csv
23.0038,10.019,5.7156,0.2505,25.5186,95.5356,102.2191,0.8477586206896551,0.2720849785370132,0.01519788218756706,0.2508894581118845,603179.csv
28.3249,15.3827,9.9593,0.483,18.8669,17.5744,20.7287,0.4208103448275864,0.2539335279009448,0.03536531012950925,0.26759477232072115,603228.csv
37.9921,11.8871,9.1964,0.3734,31.3587,251.2691,87.6921,1.421148275862069,0.08844180884731828,0.005196934768816026,0.03586997305440979,603259.csv
41.4927,13.0761,12.8335,0.0036,29.3095,-67.2958,102.4879,3.3643017241379303,0.10221575056828842,0.00815802933931389,0.047590069527636066,603317.csv
42.4409,21.1973,15.3593,0.4673,43.8478,73.5774,17.6814,1.3951431034482755,0.30590982153986723,0.04598279652253714,0.394815706512088,603326.csv
55.1989,21.9369,19.9424,0.2105,-32.416,-44.5111,-4.3722,0.5701206896551727,0.28752112104546,0.07904275152502024,0.22519027311771986,603360.csv
12.4365,15.0287,8.1303,0.2517,4.4225,-21.4953,16.5985,0.6288327586206894,0.6236049956776968,0.08900064843546278,1.9301094804998529,603368.csv
31.3335,8.6894,7.1187,0.0858,11.4762,-32.9292,8.9836,1.129206896551724,0.8362979771688933,0.07454772741569225,0.7393024679703252,603385.csv
81.2195,32.924,26.8554,0.0821,113.6132,195.0203,63.8204,3.984158620689656,0.021350463579853363,0.002143693737423413,0.011194610099673158,603392.csv
42.5939,13.5248,10.7427,0.7887,40.4028,-8.1237,9.8167,1.2582948275862071,0.4126439691095384,0.06569120992933622,0.3582394812269223,603393.csv
39.0092,4.5029,3.1260000000000003,0.0073,121.1722,337.4405,1.7243,0.6571879310344827,0.2401126889832555,0.01983054760238456,0.12932259951074204,603496.csv
24.0363,9.6836,8.6174,0.0372,-2.5885,98.6202,9.1174,1.5737362068965508,0.31054308363375205,0.02384878910730105,0.21516712620329453,603535.csv
30.0878,12.3977,10.3338,0.202,17.7935,0.0522,17.8055,0.5953,0.3824708785594424,0.03457845631533508,0.1892017089475688,603578.csv
20.9999,4.4091,3.9078,1.7081,74.1705,-27.4092,4.5246,1.2712655172413796,0.2473144821447429,0.011804590359224366,0.157761016835083,603595.csv
8.9598,19.8411,15.0994,0.3777,37.846,-43.7615,18.5018,0.6825586206896551,0.5771922286234524,0.10735962486603697,1.6012008298563638,603609.csv
54.9725,4.5329,3.036,0.3117,8.8122,253.1815,5.4011,0.8272275862068965,0.4857549901651109,0.02548387545451763,0.711625827450475,603660.csv
15.1557,5.323,4.4414,0.4482,-3.3577,-78.1433,-3.3657,0.8723218181818184,0.4467285652474867,0.033740592013828334,0.7678387938047717,603677.csv
20.4729,15.6176,11.7888,0.1943,17.6409,28.3644,39.7632,6.007139655172411,0.290646279441972,0.024815482318841408,0.25526703367764303,603733.csv
21.2086,4.9565,3.929,0.2718,21.0153,1056.4882,9.2949,2.218934482758621,0.4511613087711861,0.005582756796383065,0.16862167669461398,603738.csv
38.0705,19.0246,11.7913,0.1278,46.2072,84.6544,15.4882,2.174784482758621,0.2159101458446757,0.03422740641487021,0.3104280438514031,603801.csv
28.3585,20.129,17.7056,0.1691,63.5721,93.3946,38.3117,0.7873482758620686,0.11725589171402875,0.014627023510500018,0.09527204761653643,603806.csv
30.5371,19.3107,15.3571,0.0535,188.9533,962.5067,21.5183,3.4943396551724124,0.4283297355274368,0.012536072030489495,0.28905772941208524,603810.csv
26.2271,17.3845,15.1823,0.0526,45.8692,95.7979,15.017,2.226775862068966,0.5304326495744534,0.07221340198240378,0.5857138948490334,603856.csv
29.9725,20.5887,21.2997,0.0018,4.5382,13.2613,29.1102,0.5187586206896552,0.13309119308559333,0.0195163331774064,0.15695430303484378,603866.csv
52.4938,19.2342,11.82415,0.0539,32.1996,23.4728,10.8969,0.4221241379310345,0.21986301864756047,0.034109686633670235,0.4889531535733998,603877.csv
15.1059,6.1833,5.7561,0.0078,10.4142,4028.3327,6.7317,0.2697482758620689,1.0121607015258602,0.059017481020660886,1.1127439299628301,603889.csv
18.0465,14.8864,8.734,0.5053,73.4158,-21.0725,17.0116,2.0896103448275865,0.3203669010544599,0.029731376000262818,0.3865966727140847,603890.csv
25.3555,26.7252,17.57965,0.0337,44.0292,24.4488,23.6122,0.5649362068965517,0.06315731158468096,0.013543877820766036,0.1423169177539883,603899.csv
38.288,15.0576,11.1011,0.091,19.5192,29.0574,44.8359,1.1771655172413795,0.3796610712916207,0.03834007274665507,0.35458986242368473,603916.csv
62.5067,12.4564,12.3258,0.0376,29.8251,63.3068,9.3213,2.846108620689653,0.16019819949347552,0.01697712959019965,0.1003861591757791,603919.csv
25.5504,5.1099,3.9687,0.0176,10.8769,-14.4913,0.4271,2.5791896551724145,0.14527488736934965,0.008160624798570578,0.07191921226794261,603976.csv
42.4799,6.7485,4.0859,0.0208,116.064,32.7201,-5.4492,3.124558620689656,0.25141086839716204,0.015156291221938763,0.11094928390391276,688003.csv
39.8696,1.9718,1.8621,0.015,-31.0347,-59.3378,0.4937,2.605868965517242,0.2854859314808877,0.0121184420835406,0.04102147950369366,688011.csv
37.6653,12.1229,9.53625,0.0671,9.2614,396.3572,16.4748,2.1456793103448284,0.06016822198859634,0.0027674467117369678,0.02773208347083605,688012.csv
79.1002,18.6625,19.06705,0.0254,64.9142,79.6749,15.7605,1.7691741379310342,0.0600639052543224,0.007197593902133937,0.01688643351203693,688016.csv
41.2897,6.4013,5.9034,0.0311,20.5307,-60.6521,1.9448,1.3166862068965517,0.16591832123762315,0.013505871154720423,0.08043993776550525,688018.csv
52.0314,15.9106,14.803,0.0372,41.8412,101.9844,18.087,3.732722413793103,0.0716727549292892,0.004773723213673216,0.0202662085842964,688019.csv
52.3193,9.2661,7.6984,0.0594,22.254,-6.6046,7.7666,2.33836551724138,0.21366852047514645,0.01497005787501312,0.06877265225471249,688021.csv
42.5825,6.2863,4.428,0.0434,-0.4024,-91.2572,5.7889,2.4049706896551735,0.10244856690470494,0.004179597648684696,0.029886678385849755,688037.csv
83.9092,9.0425,9.0625,0.0129,65.6401,84.8499,145.8246,4.643386206896552,0.07900656454229246,0.0035345371142288047,0.010336798310620652,688050.csv
65.5965,18.2482,15.7403,0.0267,-5.1824,20.7499,166.1143,2.786244827586206,0.34219768220095803,0.03399841540589348,0.09511035799510134,688057.csv
42.5084,12.7932,13.184,0.0,3.4727,-8.4278,279.7752,2.3528862068965517,0.19885546106379207,0.014583936814124997,0.0556459597135627,688060.csv
50.0139,6.0915,5.52595,0.027000000000000003,4.5898,43.1217,123.7196,1.7496034482758616,0.29973718251659137,0.01390814087943909,0.05530562416973135,688065.csv
18.0341,8.1283,5.1378,0.1323,51.0035,34.5342,146.0647,10.315031034482764,0.2832500901374939,0.018201799323556343,0.19922334640926925,688077.csv
54.1425,9.8431,9.5673,0.0028,55.8229,93.7311,-1.4926,1.2086120689655169,0.2967236814797882,0.02807080596493173,0.09332594447232176,688078.csv
55.0215,10.1771,11.4772,0.0065,8.5102,21.2991,5.5747,1.3219844827586211,0.2755893657335589,0.024988952702177932,0.06573407026994142,688089.csv
36.469,10.8991,9.4224,0.0375,14.1902,30.6342,225.8445,3.168586206896552,0.21589868128988024,0.014180464428547722,0.09236419795558087,688106.csv
39.0795,6.6159,6.8792,0.0469,82.4011,76.0526,5.0054,1.6653482758620692,0.11385682818214922,0.007625661830286208,0.026905911798483482,688116.csv
37.9126,13.7906,8.9876,0.3126,28.5031,184.7548,9.3496,1.8819879310344845,0.10565126225845214,0.006227308970520746,0.05592326911950191,688122.csv
