,end_date,营收得分,利润得分,费用得分,周转得分,现金得分,净资产得分,总资产得分,市净率得分,市盈率得分,总分,code,name
3447,20201231,10,10,3.0,10,10,8,10,9,10,80.0,000690.SZ,宝新能源
41306,20201231,8,10,3.0,10,10,10,10,9,10,80.0,600720.SH,祁连山
29708,20201231,10,10,10.0,10,7,10,10,2,10,79.0,300658.SZ,延江股份
5948,20201231,10,10,3.0,10,10,10,10,6,10,79.0,000951.SZ,中国重汽
15098,20201231,10,10,10.0,10,10,4,10,4,10,78.0,002603.SZ,以岭药业
52143,20201231,10,10,5.0,10,10,7,10,6,10,78.0,603686.SH,龙马环卫
10230,20201231,10,10,5.0,10,10,7,10,5,10,77.0,002258.SZ,利尔化学
27267,20201231,10,10,7.0,10,10,10,10,0,10,77.0,300482.SZ,万孚生物
33354,20201231,10,10,5.0,10,10,2,10,10,10,77.0,600051.SH,宁波联合
18377,20201231,10,10,7.0,10,10,10,10,0,9,76.0,002847.SZ,盐津铺子
5674,20201231,10,10,5.0,10,10,7,7,7,10,76.0,000921.SZ,海信家电
14574,20201231,10,10,5.0,10,2,10,10,9,10,76.0,002567.SZ,唐人神
20387,20201231,10,10,7.0,10,10,5,10,6,7,75.0,003020.SZ,立方制药
17891,20201231,10,10,5.0,10,10,10,10,0,10,75.0,002810.SZ,山东赫达
11762,20201231,10,10,3.0,10,10,6,9,6,10,74.0,002367.SZ,康力电梯
54075,20201231,10,5,5.0,10,8,10,10,6,10,74.0,603950.SH,长源东谷
36969,20201231,10,10,3.0,10,10,10,10,1,10,74.0,600346.SH,恒力石化
18092,20201231,10,10,5.0,10,10,3,10,6,10,74.0,002825.SZ,纳尔股份
6234,20201231,10,10,5.0,10,10,3,10,6,10,74.0,000975.SZ,银泰黄金
23963,20201231,10,10,3.0,10,10,10,10,1,10,74.0,300246.SZ,宝莱特
56912,20201231,10,10,9.0,10,4,10,10,0,10,73.0,688399.SH,硕世生物
48629,20201231,10,10,5.0,10,10,10,10,0,8,73.0,603129.SH,春风动力
46708,20201231,10,10,7.0,10,10,10,10,0,6,73.0,601865.SH,福莱特
18262,20201231,10,10,3.0,10,10,10,10,0,10,73.0,002838.SZ,道恩股份
53002,20201231,10,10,7.0,10,0,9,10,7,10,73.0,603810.SH,丰山集团
7138,20201231,10,10,3.0,10,10,5,6,9,10,73.0,002039.SZ,黔源电力
14102,20201231,10,10,7.0,10,10,6,3,7,10,73.0,002534.SZ,杭锅股份
54577,20201231,10,10,5.0,10,7,10,10,0,10,72.0,605009.SH,豪悦护理
11964,20201231,10,9,0.0,10,8,7,10,8,10,72.0,002381.SZ,双箭股份
7711,20201231,10,10,5.0,10,9,7,7,4,10,72.0,002080.SZ,中材科技
55272,20201231,10,10,9.0,10,10,10,3,0,10,72.0,688015.SH,交控科技
6601,20201231,10,10,9.0,10,0,10,10,3,10,72.0,002001.SZ,新和成
20034,20201231,10,10,5.0,10,10,10,10,1,6,72.0,002978.SZ,安宁股份
49644,20201231,10,8,7.0,10,10,8,10,3,6,72.0,603298.SH,杭叉集团
6511,20201231,10,10,7.0,10,7,3,7,8,10,72.0,001696.SZ,宗申动力
28332,20201231,10,10,5.0,10,9,8,10,0,9,71.0,300558.SZ,贝达药业
32041,20201231,10,10,1.0,10,10,10,10,0,10,71.0,300850.SZ,新强联
16779,20201231,10,10,5.0,10,4,10,10,2,10,71.0,002726.SZ,龙大肉食
1780,20201231,10,10,1.0,10,10,8,10,2,10,71.0,000532.SZ,华金资本
29979,20201231,10,10,3.0,10,8,10,10,0,10,71.0,300677.SZ,英科医疗
10388,20201231,9,10,1.0,10,10,2,10,9,10,71.0,002270.SZ,华明装备
26707,20201231,10,10,7.0,10,0,10,10,4,10,71.0,300443.SZ,金雷股份
47484,20201231,10,10,5.0,10,6,10,10,0,10,71.0,603010.SH,万盛股份
33148,20201231,10,10,9.0,10,10,0,2,10,10,71.0,600026.SH,中远海能
18920,20201231,10,10,9.0,10,0,4,9,8,10,70.0,002887.SZ,绿茵生态
50256,20201231,10,10,5.0,10,0,10,10,5,10,70.0,603363.SH,傲农生物
41467,20201231,0,10,3.0,10,10,10,10,7,10,70.0,600731.SH,湖南海利
34516,20201231,10,10,5.0,10,0,10,10,5,10,70.0,600143.SH,金发科技
17331,20201231,10,10,5.0,10,0,10,10,5,10,70.0,002768.SZ,国恩股份
10990,20201231,10,10,3.0,10,1,9,10,7,10,70.0,002312.SZ,三泰控股
55519,20201231,10,10,7.0,10,0,8,10,5,10,70.0,688057.SH,金达莱
31059,20201231,10,10,7.0,10,10,4,10,0,9,70.0,300759.SZ,康龙化成
23397,20201231,10,10,10.0,10,0,10,10,0,10,70.0,300206.SZ,理邦仪器
944,20201231,10,10,7.0,10,0,7,8,8,10,70.0,000157.SZ,中联重科
1549,20201231,7,10,9.0,10,7,5,10,4,8,70.0,000513.SZ,丽珠集团
6631,20201231,0,10,7.0,10,10,6,10,7,10,70.0,002003.SZ,伟星股份
15742,20201231,10,10,7.0,10,10,1,9,8,4,69.0,002649.SZ,博彦科技
43937,20201231,10,10,5.0,10,10,10,4,0,10,69.0,600961.SH,株冶集团
54663,20201231,10,10,7.0,10,3,10,10,0,9,69.0,605099.SH,共创草坪
4011,20201231,4,10,7.0,10,10,10,10,0,8,69.0,000739.SZ,普洛药业
55976,20201231,10,10,7.0,8,10,5,10,0,9,69.0,688139.SH,海尔生物
38286,20201231,10,10,3.0,10,0,9,10,7,10,69.0,600477.SH,杭萧钢构
17533,20201231,10,10,9.0,10,0,8,10,2,10,69.0,002782.SZ,可立克
50046,20201231,10,10,5.0,10,10,0,10,4,10,69.0,603335.SH,迪生力
38644,20201231,3,10,5.0,10,10,10,10,8,3,69.0,600507.SH,方大特钢
23934,20201231,10,10,7.0,10,3,8,10,1,10,69.0,300244.SZ,迪安诊断
36392,20201231,10,10,0.0,10,10,10,10,0,9,69.0,600298.SH,安琪酵母
33223,20201231,10,10,7.0,10,3,10,10,0,9,69.0,600031.SH,三一重工
54383,20201231,10,10,5.0,10,0,10,10,3,10,68.0,603988.SH,中电电机
43997,20201231,10,10,3.0,10,10,5,6,4,10,68.0,600966.SH,博汇纸业
57023,20201231,10,10,1.0,10,10,10,7,0,10,68.0,688516.SH,奥特维
47527,20201231,0,10,7.0,10,10,5,9,7,10,68.0,603013.SH,亚普股份
25584,20201231,10,8,9.0,10,0,3,10,8,10,68.0,300360.SZ,炬华科技
7008,20201231,10,10,5.0,10,3,10,10,0,10,68.0,002030.SZ,达安基因
51482,20201231,10,10,5.0,10,3,10,10,0,10,68.0,603606.SH,东方电缆
15240,20201231,10,10,5.0,10,10,1,4,8,10,68.0,002614.SZ,奥佳华
9197,20201231,5,10,7.0,10,10,2,9,5,10,68.0,002184.SZ,海得控制
44098,20201231,10,10,5.0,10,0,10,10,3,10,68.0,600975.SH,新五丰
16535,20201231,10,10,7.0,10,10,10,10,0,0,67.0,002706.SZ,良信股份
8099,20201231,10,10,5.0,10,2,10,10,0,10,67.0,002107.SZ,沃华医药
39598,20201231,10,10,7.0,10,10,0,0,10,10,67.0,600583.SH,海油工程
37388,20201231,8,10,9.0,10,10,0,10,6,4,67.0,600380.SH,健康元
48823,20201231,10,10,3.0,10,10,0,5,9,10,67.0,603166.SH,福达股份
12467,20201231,10,10,5.0,10,0,4,10,8,10,67.0,002416.SZ,爱施德
50496,20201231,10,10,9.0,10,0,10,10,0,8,67.0,603392.SH,万泰生物
14834,20201231,8,10,3.0,10,10,0,7,9,10,67.0,002585.SZ,双星新材
5819,20201231,4,0,3.0,10,10,10,10,10,10,67.0,000932.SZ,华菱钢铁
47179,20201231,0,3,7.0,10,10,10,10,7,10,67.0,601975.SH,招商南油
42946,20201231,10,10,5.0,10,10,8,10,0,4,67.0,600845.SH,宝信软件
31677,20201231,10,10,7.0,10,0,10,10,0,10,67.0,300815.SZ,玉禾田
8562,20201231,10,10,5.0,10,0,8,10,5,9,67.0,002139.SZ,拓邦股份
56469,20201231,10,10,5.0,10,2,10,10,0,10,67.0,688289.SH,圣湘生物
55055,20201231,10,10,5.0,10,0,10,10,2,10,67.0,605369.SH,拱东医疗
56280,20201231,10,10,7.0,10,10,10,10,0,0,67.0,688208.SH,道通科技
10000,20201231,10,10,5.0,10,10,6,7,0,9,67.0,002241.SZ,歌尔股份
57562,20201231,10,10,7.0,10,10,10,10,0,0,67.0,688696.SH,极米科技
28102,20201231,10,10,1.0,10,9,5,10,2,10,67.0,300541.SZ,先进数通
49718,20201231,10,10,5.0,10,8,4,10,2,8,67.0,603305.SH,旭升股份
56640,20201231,10,10,9.0,10,0,7,10,6,5,67.0,688330.SH,宏力达
20099,20201231,0,10,3.0,10,10,10,10,5,9,67.0,002984.SZ,森麒麟
3076,20201231,10,10,5.0,10,2,10,0,9,10,66.0,000656.SZ,金科股份
2303,20201231,0,10,10.0,10,0,10,10,6,10,66.0,000576.SZ,甘化科工
51306,20201231,10,9,5.0,10,10,4,4,6,8,66.0,603588.SH,高能环境
32213,20201231,10,10,5.0,10,0,7,10,4,10,66.0,300871.SZ,回盛生物
47411,20201231,10,10,3.0,10,9,4,10,0,10,66.0,603005.SH,晶方科技
26849,20201231,10,10,0.0,10,10,6,10,0,10,66.0,300453.SZ,三鑫医疗
14072,20201231,0,8,3.0,10,10,8,10,8,9,66.0,002532.SZ,天山铝业
1765,20201231,2,10,7.0,10,3,7,8,9,10,66.0,000531.SZ,穗恒运A
53281,20201231,10,10,1.0,10,0,7,10,8,10,66.0,603856.SH,东宏股份
16794,20201231,10,7,5.0,10,10,5,10,4,5,66.0,002727.SZ,一心堂
38386,20201231,8,0,9.0,10,8,10,10,0,10,65.0,600486.SH,扬农化工
30492,20201231,10,10,5.0,10,0,10,10,0,10,65.0,300715.SZ,凯伦股份
45745,20201231,0,10,3.0,10,10,5,10,7,10,65.0,601388.SH,怡球资源
30165,20201231,10,10,5.0,10,0,10,10,0,10,65.0,300690.SZ,双一科技
44287,20201231,10,5,7.0,10,9,9,10,4,1,65.0,600989.SH,宝丰能源
44691,20201231,10,10,9.0,10,10,0,0,6,10,65.0,601038.SH,一拖股份
55631,20201231,10,10,5.0,10,10,10,10,0,0,65.0,688079.SH,美迪凯
20817,20201231,10,10,5.0,10,0,10,10,0,10,65.0,300019.SZ,硅宝科技
49934,20201231,10,10,1.0,10,0,10,10,6,8,65.0,603326.SH,我乐家居
35509,20201231,10,10,1.0,10,10,9,0,5,10,65.0,600223.SH,鲁商发展
34645,20201231,10,10,10.0,10,10,0,0,9,6,65.0,600155.SH,华创阳安
50579,20201231,10,10,5.0,10,0,10,10,0,10,65.0,603416.SH,信捷电气
41482,20201231,10,10,5.0,10,0,10,10,0,10,65.0,600732.SH,爱旭股份
52931,20201231,10,2,1.0,10,10,9,10,3,10,65.0,603801.SH,志邦家居
46147,20201231,10,8,7.0,10,10,0,0,10,10,65.0,601618.SH,中国中冶
27928,20201231,10,10,10.0,10,3,10,10,0,1,64.0,300529.SZ,健帆生物
15413,20201231,5,10,5.0,10,4,10,10,0,10,64.0,002626.SZ,金达威
2689,20201231,0,10,5.0,10,10,2,9,8,10,64.0,000612.SZ,焦作万方
24928,20201231,10,10,9.0,10,0,5,10,0,10,64.0,300314.SZ,戴维医疗
14374,20201231,9,10,5.0,10,0,10,10,0,10,64.0,002553.SZ,南方轴承
45337,20201231,10,10,1.0,10,10,0,4,9,10,64.0,601218.SH,吉鑫科技
18533,20201231,10,10,7.0,10,0,7,10,0,10,64.0,002859.SZ,洁美科技
31911,20201231,10,8,7.0,10,9,8,10,0,2,64.0,300837.SZ,浙矿股份
4372,20201231,5,0,5.0,10,7,10,10,8,9,64.0,000789.SZ,万年青
7381,20201231,10,10,0.0,10,10,8,10,1,5,64.0,002056.SZ,横店东磁
27542,20201231,10,10,1.0,10,7,4,9,4,9,64.0,300501.SZ,海顺新材
22185,20201231,10,10,0.0,10,3,7,10,4,10,64.0,300119.SZ,瑞普生物
8547,20201231,10,10,5.0,10,10,3,10,2,4,64.0,002138.SZ,顺络电子
20045,20201231,10,10,5.0,10,0,10,10,0,9,64.0,002979.SZ,雷赛智能
29140,20201231,10,10,9.0,10,0,5,10,0,10,64.0,300617.SZ,安靠智电
38099,20201231,10,10,5.0,10,10,0,0,9,10,64.0,600458.SH,时代新材
31269,20201231,10,10,9.0,10,4,10,10,0,1,64.0,300777.SZ,中简科技
32253,20201231,10,10,1.0,10,0,10,10,2,10,63.0,300877.SZ,金春股份
32777,20201231,10,10,5.0,10,8,10,10,0,0,63.0,300952.SZ,恒辉安防
32062,20201231,10,10,5.0,10,1,10,10,0,7,63.0,300852.SZ,四会富仕
53622,20201231,10,10,5.0,10,0,5,7,6,10,63.0,603890.SH,春秋电子
22571,20201231,10,10,10.0,10,3,10,10,0,0,63.0,300146.SZ,汤臣倍健
51525,20201231,10,0,5.0,10,0,10,10,8,10,63.0,603609.SH,禾丰股份
17390,20201231,10,10,5.0,10,10,0,0,8,10,63.0,002772.SZ,众兴菌业
20187,20201231,10,10,0.0,10,5,10,10,0,8,63.0,002993.SZ,奥海科技
38039,20201231,2,7,0.0,10,8,6,10,10,10,63.0,600449.SH,宁夏建材
19036,20201231,7,10,5.0,10,10,1,6,4,10,63.0,002896.SZ,中大力德
16579,20201231,10,10,1.0,10,5,7,10,0,10,63.0,002709.SZ,天赐材料
46297,20201231,3,10,5.0,10,0,10,10,5,10,63.0,601686.SH,友发集团
29311,20201231,10,10,7.0,10,10,0,2,4,10,63.0,300629.SZ,新劲刚
14173,20201231,1,10,5.0,10,10,5,5,7,10,63.0,002539.SZ,云图控股
42381,20201231,0,0,5.0,10,10,10,10,8,10,63.0,600801.SH,华新水泥
19919,20201231,10,10,0.0,10,10,5,8,0,10,63.0,002967.SZ,广电计量
54339,20201231,10,10,3.0,10,0,10,10,0,10,63.0,603985.SH,恒润股份
47135,20201231,2,10,5.0,10,10,6,8,5,7,63.0,601966.SH,玲珑轮胎
3119,20201231,10,10,5.0,10,0,10,10,0,7,62.0,000661.SZ,长春高新
33527,20201231,6,10,1.0,10,10,1,5,9,10,62.0,600063.SH,皖维高新
40774,20201231,0,10,9.0,10,10,10,10,0,3,62.0,600678.SH,四川金顶
52411,20201231,10,10,5.0,10,9,8,10,0,0,62.0,603713.SH,密尔克卫
51205,20201231,10,10,7.0,10,0,2,10,5,8,62.0,603578.SH,三星新材
4342,20201231,10,6,5.0,10,0,9,10,2,10,62.0,000786.SZ,北新建材
46988,20201231,8,3,5.0,10,10,10,3,3,10,62.0,601919.SH,中远海控
44228,20201231,0,0,9.0,10,10,7,6,10,10,62.0,600985.SH,淮北矿业
4924,20201231,10,10,3.0,10,10,0,0,9,10,62.0,000838.SZ,财信发展
55284,20201231,10,10,10.0,10,3,9,10,0,0,62.0,688016.SH,心脉医疗
11164,20201231,10,10,5.0,10,1,6,10,0,10,62.0,002324.SZ,普利特
12967,20201231,10,10,1.0,10,0,6,7,7,10,61.0,002452.SZ,长高集团
21814,20201231,10,10,7.0,10,0,3,7,4,10,61.0,300092.SZ,科新机电
55842,20201231,10,10,7.0,10,10,4,10,0,0,61.0,688111.SH,金山办公
54368,20201231,10,10,7.0,10,10,2,9,2,1,61.0,603987.SH,康德莱
11575,20201231,10,6,7.0,10,0,6,10,5,7,61.0,002353.SZ,杰瑞股份
13944,20201231,10,10,3.0,10,10,0,3,5,10,61.0,002522.SZ,浙江众成
48585,20201231,9,10,5.0,10,10,0,0,7,10,61.0,603126.SH,中材节能
55316,20201231,10,10,10.0,10,0,6,10,0,5,61.0,688019.SH,安集科技
16032,20201231,10,10,5.0,10,0,0,8,8,10,61.0,002669.SZ,康达新材
51848,20201231,10,10,3.0,10,0,6,10,6,6,61.0,603657.SH,春光科技
8084,20201231,10,10,7.0,10,0,0,6,8,10,61.0,002106.SZ,莱宝高科
18790,20201231,10,10,5.0,10,0,10,10,0,6,61.0,002878.SZ,元隆雅图
46277,20201231,10,0,3.0,10,10,4,10,10,4,61.0,601677.SH,明泰铝业
20529,20201231,10,10,9.0,8,5,9,10,0,0,61.0,003043.SZ,华亚智能
31334,20201231,10,10,5.0,10,0,10,10,0,6,61.0,300782.SZ,卓胜微
5689,20201231,8,0,9.0,10,0,7,10,8,9,61.0,000922.SZ,佳电股份
10015,20201231,10,2,9.0,10,10,10,10,0,0,61.0,002242.SZ,九阳股份
49673,20201231,10,0,0.0,10,10,3,10,8,10,61.0,603300.SH,华铁应急
8431,20201231,0,10,3.0,10,10,3,8,7,10,61.0,002130.SZ,沃尔核材
41874,20201231,10,0,5.0,10,8,4,10,8,6,61.0,600761.SH,安徽合力
48026,20201231,10,2,1.0,10,10,8,10,0,10,61.0,603060.SH,国检集团
5600,20201231,0,10,0.0,10,10,6,10,5,10,61.0,000915.SZ,山大华特
10059,20201231,10,10,5.0,10,10,2,3,0,10,60.0,002245.SZ,蔚蓝锂芯
52902,20201231,7,10,5.0,10,10,3,5,0,10,60.0,603799.SH,华友钴业
39875,20201231,10,0,3.0,10,10,3,4,10,10,60.0,600603.SH,广汇物流
28188,20201231,10,10,7.0,10,0,3,10,0,10,60.0,300548.SZ,博创科技
11560,20201231,10,10,5.0,10,10,5,10,0,0,60.0,002352.SZ,顺丰控股
9884,20201231,0,0,7.0,10,6,8,10,9,10,60.0,002233.SZ,塔牌集团
53918,20201231,0,10,3.0,10,10,3,9,9,6,60.0,603926.SH,铁流股份
42366,20201231,0,10,0.0,10,10,3,10,7,10,60.0,600800.SH,渤海化学
30652,20201231,10,10,10.0,10,0,10,10,0,0,60.0,300726.SZ,宏达电子
48600,20201231,10,10,0.0,10,10,10,10,0,0,60.0,603127.SH,昭衍新药
56513,20201231,10,10,5.0,10,0,5,10,0,10,60.0,688301.SH,奕瑞科技
32788,20201231,10,10,1.0,10,10,9,10,0,0,60.0,300955.SZ,嘉亨家化
4578,20201231,10,10,3.0,10,10,0,0,7,10,60.0,000807.SZ,云铝股份
19324,20201231,10,9,5.0,10,0,8,10,2,6,60.0,002918.SZ,蒙娜丽莎
19367,20201231,10,10,7.0,10,0,0,6,7,10,60.0,002921.SZ,联诚精密
12252,20201231,10,10,7.0,10,0,8,2,3,10,60.0,002401.SZ,中远海科
35653,20201231,10,10,0.0,10,0,10,10,0,10,60.0,600234.SH,ST山水
34317,20201231,10,5,5.0,10,10,0,0,10,10,60.0,600126.SH,杭钢股份
32929,20201231,10,10,1.0,10,10,0,0,9,10,60.0,600008.SH,首创股份
5196,20201231,10,10,5.0,10,10,0,0,8,7,60.0,000880.SZ,潍柴重机
46118,20201231,10,10,1.0,10,10,3,0,6,10,60.0,601615.SH,明阳智能
24460,20201231,10,10,3.0,10,10,0,0,7,10,60.0,300281.SZ,金明精机
29935,20201231,7,10,5.0,10,0,10,10,0,8,60.0,300674.SZ,宇信科技
23718,20201231,10,10,0.0,10,0,5,10,5,10,60.0,300229.SZ,拓尔思
36407,20201231,2,9,5.0,10,10,0,9,7,8,60.0,600299.SH,安迪苏
44272,20201231,0,10,0.0,10,10,10,10,0,10,60.0,600988.SH,赤峰黄金
28556,20201231,10,7,7.0,10,6,4,9,3,4,60.0,300575.SZ,中旗股份
43366,20201231,10,10,1.0,10,0,10,10,0,9,60.0,600876.SH,洛阳玻璃
6689,20201231,10,10,10.0,10,0,10,10,0,0,60.0,002007.SZ,华兰生物
50805,20201231,4,0,7.0,10,9,10,10,0,10,60.0,603505.SH,金石资源
18761,20201231,10,10,5.0,10,10,0,1,4,10,60.0,002876.SZ,三利谱
288,20201231,10,10,1.0,10,10,1,10,8,0,60.0,000026.SZ,飞亚达
5367,20201231,10,3,5.0,10,8,10,10,0,4,60.0,000895.SZ,双汇发展
35438,20201231,5,10,5.0,10,10,0,0,9,10,59.0,600218.SH,全柴动力
10574,20201231,10,10,3.0,10,0,1,6,9,10,59.0,002283.SZ,天润工业
6761,20201231,10,10,1.0,10,0,0,10,8,10,59.0,002012.SZ,凯恩股份
48923,20201231,10,5,0.0,10,10,9,10,5,0,59.0,603180.SH,金牌厨柜
57351,20201231,10,10,5.0,10,10,0,0,4,10,59.0,688599.SH,天合光能
2000,20201231,8,10,3.0,10,10,0,0,8,10,59.0,000550.SZ,江铃汽车
31867,20201231,10,6,9.0,10,4,10,10,0,0,59.0,300832.SZ,新产业
35150,20201231,10,10,7.0,10,0,0,7,5,10,59.0,600195.SH,中牧股份
1060,20201231,0,0,3.0,10,10,7,10,9,10,59.0,000401.SZ,冀东水泥
52960,20201231,10,10,7.0,10,0,10,10,0,2,59.0,603806.SH,福斯特
19989,20201231,10,10,7.0,0,2,10,10,0,10,59.0,002973.SZ,侨银股份
8794,20201231,10,10,5.0,10,10,0,0,4,10,59.0,002156.SZ,通富微电
41365,20201231,0,0,7.0,10,10,4,10,8,10,59.0,600724.SH,宁波富达
31229,20201231,9,8,5.0,10,10,8,8,0,1,59.0,300773.SZ,拉卡拉
5166,20201231,0,0,5.0,10,10,5,10,9,10,59.0,000877.SZ,天山股份
19208,20201231,10,10,1.0,10,0,6,10,2,10,59.0,002909.SZ,集泰股份
50635,20201231,10,9,10.0,0,10,10,10,0,0,59.0,603444.SH,吉比特
46900,20201231,10,10,5.0,10,10,2,6,0,6,59.0,601899.SH,紫金矿业
55252,20201231,10,10,7.0,10,10,2,9,0,1,59.0,688012.SH,中微公司
463,20201231,5,9,5.0,10,10,3,1,9,7,59.0,000039.SZ,中集集团
57156,20201231,6,10,10.0,10,0,3,10,5,5,59.0,688558.SH,国盛智科
32229,20201231,10,10,7.0,0,2,6,10,4,10,59.0,300873.SZ,海晨股份
45083,20201231,8,3,9.0,10,10,2,8,8,0,58.0,601158.SH,重庆水务
14202,20201231,10,10,7.0,10,0,5,5,4,7,58.0,002541.SZ,鸿路钢构
21116,20201231,10,10,9.0,10,0,2,7,4,6,58.0,300041.SZ,回天新材
1030,20201231,8,0,5.0,10,10,9,0,6,10,58.0,000338.SZ,潍柴动力
57413,20201231,10,10,1.0,10,7,10,10,0,0,58.0,688626.SH,翔宇医疗
9942,20201231,10,6,5.0,10,10,0,0,7,10,58.0,002237.SZ,恒邦股份
36091,20201231,0,0,3.0,10,9,8,10,8,10,58.0,600273.SH,嘉化能源
57367,20201231,10,10,5.0,10,3,10,10,0,0,58.0,688606.SH,奥泰生物
21001,20201231,10,10,0.0,0,10,10,10,0,8,58.0,300033.SZ,同花顺
22514,20201231,10,10,0.0,10,0,8,10,0,10,58.0,300142.SZ,沃森生物
40364,20201231,10,0,10.0,10,10,2,6,10,0,58.0,600643.SH,爱建集团
52186,20201231,9,0,5.0,10,10,0,6,8,10,58.0,603689.SH,皖天然气
17419,20201231,9,10,1.0,10,10,0,0,8,10,58.0,002774.SZ,快意电梯
36219,20201231,7,10,3.0,10,10,0,0,8,10,58.0,600283.SH,钱江水利
1868,20201231,0,10,7.0,10,10,0,1,10,10,58.0,000539.SZ,粤电力A
6496,20201231,0,0,10.0,10,9,2,9,8,10,58.0,000999.SZ,华润三九
43305,20201231,5,8,5.0,10,10,10,10,0,0,58.0,600872.SH,中炬高新
16564,20201231,5,10,5.0,10,10,0,0,8,10,58.0,002708.SZ,光洋股份
51579,20201231,10,10,5.0,10,10,3,10,0,0,58.0,603613.SH,国联股份
48953,20201231,10,10,0.0,10,0,1,10,8,9,58.0,603183.SH,建研院
12267,20201231,10,10,5.0,10,10,5,8,0,0,58.0,002402.SZ,和而泰
56190,20201231,10,10,9.0,10,3,6,10,0,0,58.0,688188.SH,柏楚电子
46623,20201231,8,10,7.0,10,2,2,3,8,8,58.0,601827.SH,三峰环境
53450,20201231,10,10,1.0,10,0,9,10,2,6,58.0,603877.SH,太平鸟
6806,20201231,0,3,5.0,10,10,5,6,9,10,58.0,002015.SZ,协鑫能科
42178,20201231,7,10,0.0,10,10,1,2,8,10,58.0,600784.SH,鲁银投资
32841,20201231,7,6,5.0,10,10,10,10,0,0,58.0,300965.SZ,C恒宇
2961,20201231,10,10,7.0,10,10,0,1,0,10,58.0,000636.SZ,风华高科
27686,20201231,7,2,7.0,10,10,3,4,5,10,58.0,300511.SZ,雪榕生物
36538,20201231,3,0,5.0,10,10,10,10,0,10,58.0,600309.SH,万华化学
41889,20201231,3,0,5.0,10,10,10,10,0,10,58.0,600763.SH,通策医疗
18905,20201231,10,10,1.0,10,10,0,2,5,10,58.0,002886.SZ,沃特股份
15054,20201231,10,0,5.0,10,6,7,9,0,10,57.0,002600.SZ,领益智造
50664,20201231,4,5,1.0,10,0,8,10,9,10,57.0,603458.SH,勘设股份
6394,20201231,7,10,5.0,10,10,0,4,8,3,57.0,000989.SZ,九芝堂
52396,20201231,10,10,0.0,10,10,9,8,0,0,57.0,603712.SH,七一二
47858,20201231,10,10,1.0,10,6,10,10,0,0,57.0,603039.SH,泛微网络
38054,20201231,0,0,5.0,10,10,10,8,4,10,57.0,600452.SH,涪陵电力
43351,20201231,9,10,9.0,10,0,0,0,10,9,57.0,600875.SH,东方电气
19136,20201231,10,10,0.0,10,10,0,2,5,10,57.0,002903.SZ,宇环数控
2546,20201231,0,10,5.0,10,10,0,2,10,10,57.0,000600.SZ,建投能源
5382,20201231,10,0,7.0,10,10,5,0,5,10,57.0,000897.SZ,津滨发展
1927,20201231,10,4,7.0,10,5,0,1,10,10,57.0,000544.SZ,中原环保
47251,20201231,0,10,7.0,10,10,0,0,10,10,57.0,601991.SH,大唐发电
17647,20201231,10,10,0.0,10,0,10,10,0,7,57.0,002791.SZ,坚朗五金
33497,20201231,10,10,0.0,10,8,0,0,9,10,57.0,600061.SH,国投资本
54438,20201231,10,4,7.0,10,9,4,10,3,0,57.0,603992.SH,松霖科技
34188,20201231,10,10,5.0,10,0,0,4,8,10,57.0,600116.SH,三峡水利
21059,20201231,10,10,3.0,10,10,3,10,0,1,57.0,300037.SZ,新宙邦
7828,20201231,3,0,0.0,10,10,6,10,8,10,57.0,002088.SZ,鲁阳节能
8130,20201231,0,10,5.0,10,10,0,2,10,10,57.0,002109.SZ,兴化股份
30965,20201231,10,10,7.0,10,0,10,10,0,0,57.0,300751.SZ,迈为股份
46753,20201231,0,10,5.0,10,10,1,2,9,10,57.0,601872.SH,招商轮船
53763,20201231,7,10,5.0,10,10,2,10,0,3,57.0,603906.SH,龙蟠科技
639,20201231,10,0,5.0,10,10,0,2,9,10,56.0,000060.SZ,中金岭南
1104,20201231,4,10,5.0,10,10,0,0,10,7,56.0,000404.SZ,长虹华意
22457,20201231,10,10,1.0,10,10,4,6,0,5,56.0,300138.SZ,晨光生物
33454,20201231,3,10,5.0,10,10,0,0,8,10,56.0,600058.SH,五矿发展
536,20201231,0,0,5.0,10,10,10,10,1,10,56.0,000048.SZ,京基智农
36712,20201231,10,6,5.0,10,10,5,4,6,0,56.0,600323.SH,瀚蓝环境
44794,20201231,0,0,5.0,10,10,1,10,10,10,56.0,601088.SH,中国神华
34860,20201231,10,10,5.0,10,0,7,10,4,0,56.0,600171.SH,上海贝岭
34889,20201231,10,0,5.0,10,0,6,6,9,10,56.0,600173.SH,卧龙地产
44980,20201231,0,10,5.0,10,10,0,2,9,10,56.0,601126.SH,四方股份
56491,20201231,10,7,5.0,10,10,1,8,2,3,56.0,688299.SH,长阳科技
37198,20201231,10,10,7.0,10,0,0,0,9,10,56.0,600366.SH,宁波韵升
49253,20201231,0,10,5.0,10,10,1,10,0,10,56.0,603223.SH,恒通股份
57511,20201231,4,10,7.0,10,5,10,10,0,0,56.0,688677.SH,海泰新光
13419,20201231,10,7,3.0,10,3,0,8,7,8,56.0,002484.SZ,江海股份
6865,20201231,0,9,0.0,10,3,7,10,7,10,56.0,002020.SZ,京新药业
54554,20201231,5,7,1.0,10,10,1,6,6,10,56.0,605006.SH,山东玻纤
53578,20201231,10,7,7.0,10,0,1,5,8,8,56.0,603887.SH,城地香江
31203,20201231,0,0,10.0,10,6,4,10,6,10,56.0,300771.SZ,智莱科技
53748,20201231,10,0,1.0,10,10,4,6,7,8,56.0,603903.SH,中持股份
32799,20201231,10,10,3.0,10,3,10,10,0,0,56.0,300957.SZ,贝泰妮
52737,20201231,10,0,7.0,10,10,0,0,9,10,56.0,603773.SH,沃格光电
51350,20201231,10,10,3.0,10,10,0,0,3,10,56.0,603595.SH,东尼电子
11019,20201231,10,10,0.0,10,0,5,2,9,10,56.0,002314.SZ,南山控股
54629,20201231,10,6,7.0,10,0,9,10,4,0,56.0,605068.SH,明新旭腾
54890,20201231,10,7,5.0,10,0,9,10,5,0,56.0,605222.SH,起帆电缆
9455,20201231,10,9,3.0,10,10,0,0,8,6,56.0,002202.SZ,金风科技
26154,20201231,4,8,5.0,10,4,4,10,6,5,56.0,300403.SZ,汉宇集团
30795,20201231,0,10,5.0,10,10,6,9,0,6,56.0,300738.SZ,奥飞数据
25714,20201231,10,2,3.0,10,0,7,10,5,9,56.0,300371.SZ,汇中股份
40860,20201231,0,10,3.0,10,0,10,6,6,10,55.0,600685.SH,中船防务
49616,20201231,10,10,5.0,10,0,10,10,0,0,55.0,603290.SH,斯达半导
25256,20201231,10,9,5.0,10,10,0,0,5,6,55.0,300337.SZ,银邦股份
26965,20201231,0,10,10.0,10,10,10,5,0,0,55.0,300461.SZ,田中精机
40947,20201231,10,10,0.0,10,10,0,0,5,10,55.0,600692.SH,亚通股份
16392,20201231,10,9,9.0,10,5,2,10,0,0,55.0,002695.SZ,煌上煌
14980,20201231,10,3,5.0,10,0,9,10,2,6,55.0,002595.SZ,豪迈科技
44750,20201231,10,10,5.0,10,10,0,0,0,10,55.0,601069.SH,西部黄金
20498,20201231,10,10,5.0,10,0,10,10,0,0,55.0,003038.SZ,鑫铂股份
26338,20201231,10,10,5.0,10,7,3,6,0,4,55.0,300416.SZ,苏试试验
43524,20201231,10,10,5.0,10,1,0,0,9,10,55.0,600888.SH,新疆众和
45068,20201231,10,7,0.0,10,0,10,0,8,10,55.0,601155.SH,新城控股
31776,20201231,10,10,3.0,10,0,10,10,0,2,55.0,300824.SZ,北鼎股份
33512,20201231,0,0,5.0,10,10,1,10,9,10,55.0,600062.SH,华润双鹤
3061,20201231,2,10,5.0,10,4,0,8,8,8,55.0,000655.SZ,金岭矿业
2946,20201231,0,10,5.0,10,10,0,0,10,10,55.0,000635.SZ,英力特
2761,20201231,3,10,3.0,10,10,0,0,10,9,55.0,000619.SZ,海螺型材
30637,20201231,10,4,7.0,10,10,4,10,0,0,55.0,300725.SZ,药石科技
11690,20201231,10,10,5.0,10,0,0,10,0,10,55.0,002362.SZ,汉王科技
32973,20201231,0,10,5.0,10,10,0,0,10,10,55.0,600011.SH,华能国际
56156,20201231,10,0,5.0,10,10,10,10,0,0,55.0,688183.SH,生益电子
33105,20201231,10,10,5.0,10,10,0,0,10,0,55.0,600022.SH,山东钢铁
6541,20201231,2,10,5.0,10,10,0,0,8,10,55.0,001896.SZ,豫能控股
32488,20201231,10,10,5.0,10,7,3,10,0,0,55.0,300908.SZ,仲景食品
57281,20201231,10,10,9.0,10,0,4,8,0,4,55.0,688586.SH,江航装备
50427,20201231,10,10,3.0,10,6,1,1,4,10,55.0,603386.SH,广东骏亚
55536,20201231,10,10,5.0,10,0,10,10,0,0,55.0,688059.SH,华锐精密
31348,20201231,0,10,3.0,10,10,5,7,0,10,55.0,300783.SZ,三只松鼠
38587,20201231,10,10,5.0,10,0,0,0,10,10,55.0,600502.SH,安徽建工
35352,20201231,4,10,9.0,10,2,7,10,0,3,55.0,600211.SH,西藏药业
8577,20201231,10,9,5.0,10,10,0,0,8,3,55.0,002140.SZ,东华科技
57496,20201231,10,10,5.0,10,0,10,10,0,0,55.0,688669.SH,聚石化学
8895,20201231,0,10,5.0,10,10,10,0,0,10,55.0,002163.SZ,海南发展
57464,20201231,10,10,0.0,10,5,10,10,0,0,55.0,688661.SH,和林微纳
39569,20201231,0,10,7.0,10,10,0,0,9,9,55.0,600581.SH,八一钢铁
39164,20201231,4,10,5.0,10,10,0,2,4,10,55.0,600549.SH,厦门钨业
39627,20201231,7,0,5.0,10,4,10,10,8,0,54.0,600585.SH,海螺水泥
55879,20201231,10,10,7.0,10,0,4,8,0,5,54.0,688122.SH,西部超导
5426,20201231,9,0,5.0,10,10,0,0,10,10,54.0,000900.SZ,现代投资
9125,20201231,8,10,10.0,10,0,6,10,0,0,54.0,002179.SZ,中航光电
19238,20201231,10,0,5.0,10,10,4,10,5,0,54.0,002911.SZ,佛燃能源
18647,20201231,0,0,1.0,10,10,10,10,3,10,54.0,002867.SZ,周大生
32175,20201231,10,7,7.0,10,0,10,10,0,0,54.0,300866.SZ,安克创新
46943,20201231,10,10,7.0,10,0,0,1,6,10,54.0,601908.SH,京运通
43599,20201231,6,10,5.0,10,0,0,3,10,10,54.0,600894.SH,广日股份
54185,20201231,9,0,5.0,10,3,0,9,8,10,54.0,603967.SH,中创物流
25599,20201231,10,10,0.0,10,10,0,7,0,7,54.0,300363.SZ,博腾股份
37154,20201231,10,0,5.0,10,10,0,0,9,10,54.0,600362.SH,江西铜业
46403,20201231,0,9,9.0,10,3,0,4,9,10,54.0,601717.SH,郑煤机
47455,20201231,10,0,3.0,10,10,1,4,6,10,54.0,603008.SH,喜临门
433,20201231,0,10,9.0,10,10,0,0,5,10,54.0,000037.SZ,深南电A
21560,20201231,10,10,7.0,10,10,1,6,0,0,54.0,300073.SZ,当升科技
31689,20201231,10,7,7.0,10,0,10,10,0,0,54.0,300816.SZ,艾可蓝
47584,20201231,9,2,5.0,10,0,9,6,8,5,54.0,603018.SH,华设集团
35668,20201231,0,10,5.0,10,10,0,0,9,10,54.0,600235.SH,民丰特纸
7293,20201231,2,0,7.0,10,10,5,10,0,10,54.0,002050.SZ,三花智控
49434,20201231,10,10,7.0,10,7,2,8,0,0,54.0,603259.SH,药明康德
45598,20201231,10,10,7.0,10,0,1,4,7,5,54.0,601330.SH,绿色动力
8779,20201231,4,10,5.0,10,10,0,0,8,7,54.0,002155.SZ,湖南黄金
30194,20201231,10,10,3.0,10,0,1,5,5,10,54.0,300692.SZ,中环环保
1824,20201231,10,10,0.0,10,10,2,3,9,0,54.0,000536.SZ,*ST华映
36480,20201231,5,0,5.0,10,10,4,10,0,10,54.0,600305.SH,恒顺醋业
1912,20201231,0,7,5.0,10,10,0,2,10,10,54.0,000543.SZ,皖能电力
51017,20201231,10,10,3.0,10,10,0,0,1,10,54.0,603536.SH,惠发食品
46076,20201231,10,4,7.0,10,10,0,0,7,6,54.0,601608.SH,中信重工
39134,20201231,0,10,7.0,10,10,0,4,2,10,53.0,600547.SH,山东黄金
6704,20201231,10,10,7.0,10,5,1,2,0,8,53.0,002008.SZ,大族激光
6409,20201231,10,0,3.0,10,10,0,0,10,10,53.0,000990.SZ,诚志股份
54913,20201231,9,0,7.0,10,0,2,10,5,10,53.0,605258.SH,协和电子
54692,20201231,10,10,7.0,10,0,6,10,0,0,53.0,605111.SH,新洁能
28844,20201231,10,10,1.0,10,2,10,10,0,0,53.0,300595.SZ,欧普康视
13347,20201231,8,0,5.0,10,10,0,1,9,10,53.0,002479.SZ,富春环保
5456,20201231,3,10,1.0,10,10,4,10,5,0,53.0,000902.SZ,新洋丰
43320,20201231,10,0,0.0,10,10,1,4,8,10,53.0,600873.SH,梅花生物
55830,20201231,10,10,3.0,10,0,10,10,0,0,53.0,688109.SH,品茗股份
19565,20201231,0,0,7.0,10,10,3,10,3,10,53.0,002937.SZ,兴瑞科技
6850,20201231,0,0,10.0,10,8,2,10,6,7,53.0,002019.SZ,亿帆医药
32783,20201231,10,10,3.0,10,0,10,10,0,0,53.0,300953.SZ,震裕科技
29,20201231,9,0,3.0,10,10,10,0,8,3,53.0,000002.SZ,万科A
1593,20201231,10,0,5.0,10,0,10,0,9,9,53.0,000517.SZ,荣安地产
20644,20201231,2,10,9.0,10,10,4,3,5,0,53.0,300007.SZ,汉威科技
57342,20201231,10,10,3.0,10,0,10,10,0,0,53.0,688598.SH,金博股份
36204,20201231,6,0,3.0,10,2,4,8,10,10,53.0,600282.SH,南钢股份
33915,20201231,0,10,5.0,10,10,0,0,8,10,53.0,600096.SH,云天化
45423,20201231,10,10,5.0,10,0,6,5,3,4,53.0,601231.SH,环旭电子
57484,20201231,10,10,3.0,10,0,10,10,0,0,53.0,688667.SH,菱电电控
3981,20201231,0,10,5.0,10,0,10,8,0,10,53.0,000737.SZ,ST南风
57600,20201231,0,10,5.0,10,8,10,10,0,0,53.0,688819.SH,天能股份
31752,20201231,10,4,7.0,10,0,10,10,2,0,53.0,300822.SZ,贝仕达克
42410,20201231,0,0,3.0,10,10,10,10,0,10,53.0,600803.SH,新奥股份
27958,20201231,10,10,9.0,10,0,0,3,4,7,53.0,300531.SZ,优博讯
30923,20201231,10,10,5.0,10,0,7,10,0,1,53.0,300748.SZ,金力永磁
49476,20201231,10,10,3.0,10,0,10,10,0,0,53.0,603267.SH,鸿远电子
15269,20201231,10,3,5.0,10,0,4,4,7,10,53.0,002616.SZ,长青集团
49948,20201231,10,5,5.0,10,0,10,10,0,3,53.0,603327.SH,福蓉科技
47997,20201231,0,0,9.0,10,4,4,10,6,10,53.0,603058.SH,永吉股份
39770,20201231,0,7,3.0,10,10,0,4,9,10,53.0,600596.SH,新安股份
7957,20201231,10,0,7.0,10,10,1,0,8,7,53.0,002097.SZ,山河智能
50693,20201231,10,10,5.0,10,10,0,0,8,0,53.0,603477.SH,巨星农牧
49548,20201231,0,9,0.0,10,10,8,10,6,0,53.0,603279.SH,景津环保
49829,20201231,10,6,10.0,10,4,3,10,0,0,53.0,603317.SH,天味食品
39511,20201231,0,0,5.0,10,10,1,9,8,10,53.0,600577.SH,精达股份
11733,20201231,0,2,10.0,10,10,0,3,8,10,53.0,002365.SZ,永安药业
50876,20201231,10,0,0.0,10,8,4,10,1,10,53.0,603516.SH,淳中科技
11417,20201231,8,10,7.0,10,10,0,0,8,0,53.0,002342.SZ,巨力索具
40453,20201231,0,0,9.0,10,10,0,4,9,10,52.0,600650.SH,锦江在线
37588,20201231,0,10,5.0,10,10,0,0,7,10,52.0,600396.SH,金山股份
39481,20201231,7,0,5.0,10,10,0,0,10,10,52.0,600575.SH,淮河能源
56720,20201231,6,10,1.0,10,4,4,10,3,4,52.0,688357.SH,建龙微纳
41626,20201231,5,10,5.0,10,10,0,2,10,0,52.0,600742.SH,一汽富维
24147,20201231,0,10,0.0,10,0,6,10,6,10,52.0,300259.SZ,新天科技
10201,20201231,0,10,3.0,10,0,10,10,9,0,52.0,002255.SZ,*ST海陆
46827,20201231,10,10,3.0,10,10,0,1,1,7,52.0,601882.SH,海天精工
46723,20201231,10,7,3.0,10,10,0,0,8,4,52.0,601866.SH,中远海发
1722,20201231,10,5,5.0,10,0,2,1,10,9,52.0,000528.SZ,柳工
11034,20201231,10,0,7.0,6,10,0,2,7,10,52.0,002315.SZ,焦点科技
41409,20201231,1,0,1.0,10,10,1,10,9,10,52.0,600727.SH,鲁北化工
57217,20201231,0,0,5.0,10,10,0,10,7,10,52.0,688569.SH,铁科轨道
50511,20201231,0,0,3.0,10,10,4,10,5,10,52.0,603393.SH,新天然气
23515,20201231,0,0,3.0,10,10,1,10,8,10,52.0,300214.SZ,日科化学
33163,20201231,0,7,5.0,10,10,0,0,10,10,52.0,600027.SH,华电国际
32400,20201231,10,10,5.0,10,0,7,10,0,0,52.0,300896.SZ,爱美客
21347,20201231,9,0,3.0,10,10,0,0,10,10,52.0,300057.SZ,万顺新材
29411,20201231,0,10,9.0,10,10,0,4,3,6,52.0,300636.SZ,同和药业
31541,20201231,10,1,0.0,10,6,1,10,6,8,52.0,300801.SZ,泰和科技
42585,20201231,4,0,3.0,10,10,10,10,5,0,52.0,600817.SH,ST宏盛
29226,20201231,10,10,10.0,10,0,2,10,0,0,52.0,300623.SZ,捷捷微电
53832,20201231,5,9,0.0,10,0,5,10,7,6,52.0,603916.SH,苏博特
6161,20201231,0,10,3.0,10,10,0,0,9,10,52.0,000969.SZ,安泰科技
27252,20201231,10,8,3.0,10,0,9,10,0,2,52.0,300481.SZ,濮阳惠成
53366,20201231,1,10,0.0,10,10,10,10,0,1,52.0,603866.SH,桃李面包
5557,20201231,0,10,7.0,5,10,10,0,0,10,52.0,000911.SZ,南宁糖业
30294,20201231,10,3,9.0,10,1,9,10,0,0,52.0,300699.SZ,光威复材
32328,20201231,6,10,0.0,10,0,2,10,4,10,52.0,300887.SZ,谱尼测试
50198,20201231,10,2,7.0,10,0,5,10,8,0,52.0,603357.SH,设计总院
4909,20201231,10,10,5.0,10,10,0,0,7,0,52.0,000837.SZ,*ST秦机
12208,20201231,9,0,5.0,10,0,2,7,8,10,51.0,002398.SZ,垒知集团
49174,20201231,0,0,5.0,10,10,1,10,5,10,51.0,603214.SH,爱婴室
34904,20201231,6,2,3.0,10,4,5,9,2,10,51.0,600176.SH,中国巨石
51190,20201231,10,10,1.0,10,0,0,3,7,10,51.0,603577.SH,汇金通
49311,20201231,7,2,5.0,10,10,5,10,2,0,51.0,603228.SH,景旺电子
40541,20201231,10,0,1.0,10,10,0,0,10,10,51.0,600657.SH,信达地产
48808,20201231,0,0,3.0,10,6,5,10,7,10,51.0,603165.SH,荣晟环保
13215,20201231,2,2,0.0,10,0,10,10,7,10,51.0,002469.SZ,三维工程
566,20201231,0,10,5.0,10,10,0,0,10,6,51.0,000050.SZ,深天马A
28657,20201231,0,10,1.0,10,8,4,10,5,3,51.0,300582.SZ,英飞特
23748,20201231,10,8,7.0,10,0,2,6,5,3,51.0,300231.SZ,银信科技
57012,20201231,0,10,9.0,10,0,3,10,6,3,51.0,688513.SH,苑东生物
742,20201231,10,2,1.0,10,0,7,1,10,10,51.0,000069.SZ,华侨城A
23139,20201231,10,10,0.0,10,0,2,9,0,10,51.0,300188.SZ,美亚柏科
21303,20201231,10,0,10.0,10,10,0,0,1,10,51.0,300054.SZ,鼎龙股份
35783,20201231,10,0,3.0,10,10,0,0,8,10,51.0,600246.SH,万通发展
29892,20201231,10,10,3.0,10,0,2,7,0,9,51.0,300671.SZ,富满电子
10432,20201231,2,0,9.0,10,10,0,4,6,10,51.0,002273.SZ,水晶光电
5963,20201231,0,0,10.0,10,10,0,3,8,10,51.0,000952.SZ,广济药业
9927,20201231,0,6,1.0,10,0,10,10,4,10,51.0,002236.SZ,大华股份
5181,20201231,10,0,5.0,10,10,0,0,6,10,51.0,000878.SZ,云南铜业
48468,20201231,0,0,9.0,10,0,5,9,8,10,51.0,603111.SH,康尼机电
18978,20201231,10,10,3.0,10,0,0,10,0,8,51.0,002891.SZ,中宠股份
52595,20201231,1,10,0.0,10,0,6,10,4,10,51.0,603733.SH,仙鹤股份
52722,20201231,10,10,3.0,10,0,0,0,8,10,51.0,603768.SH,常青股份
52510,20201231,0,10,3.0,10,10,0,0,8,10,51.0,603725.SH,天安新材
19295,20201231,5,2,0.0,10,10,10,10,0,4,51.0,002916.SZ,深南电路
3318,20201231,0,10,10.0,10,10,0,2,9,0,51.0,000679.SZ,*ST友谊
4505,20201231,2,10,3.0,0,10,6,3,7,10,51.0,000800.SZ,一汽解放
55662,20201231,10,10,1.0,10,0,10,10,0,0,51.0,688083.SH,中望软件
9154,20201231,0,10,10.0,10,0,0,2,9,10,51.0,002181.SZ,粤传媒
41728,20201231,0,0,10.0,10,10,3,10,8,0,51.0,600750.SH,江中药业
32770,20201231,10,10,1.0,10,0,10,10,0,0,51.0,300951.SZ,博硕科技
32771,20201231,10,10,1.0,10,0,10,10,0,0,51.0,300951.SZ,博硕科技
15499,20201231,0,0,10.0,10,10,0,4,7,10,51.0,002632.SZ,道明光学
54940,20201231,10,10,1.0,10,0,10,10,0,0,51.0,605286.SH,同力日升
56225,20201231,10,4,5.0,10,5,1,10,4,2,51.0,688196.SH,卓越新能
37805,20201231,0,0,9.0,10,10,0,3,9,10,51.0,600420.SH,现代制药
3778,20201231,3,0,0.0,10,10,1,10,7,10,51.0,000720.SZ,新能泰山
6556,20201231,10,10,5.0,10,0,0,0,6,10,51.0,001914.SZ,招商积余
6586,20201231,10,0,0.0,10,10,2,0,9,10,51.0,001979.SZ,招商蛇口
47267,20201231,10,0,1.0,10,10,0,0,10,10,51.0,601992.SH,金隅集团
37228,20201231,0,0,3.0,10,10,2,6,10,10,51.0,600368.SH,五洲交通
6616,20201231,0,10,5.0,10,0,1,5,10,10,51.0,002002.SZ,鸿达兴业
42470,20201231,0,10,5.0,10,10,0,0,10,6,51.0,600808.SH,马钢股份
5397,20201231,0,6,5.0,10,10,0,0,10,10,51.0,000898.SZ,鞍钢股份
29723,20201231,10,10,0.0,10,0,10,10,0,0,50.0,300659.SZ,中孚信息
31005,20201231,10,6,7.0,10,0,4,10,3,0,50.0,300755.SZ,华致酒行
38731,20201231,2,10,9.0,10,7,0,6,5,1,50.0,600513.SH,联环药业
40438,20201231,10,10,0.0,10,0,0,0,10,10,50.0,600649.SH,城投控股
34044,20201231,0,0,9.0,10,10,0,1,10,10,50.0,600106.SH,重庆路桥
41859,20201231,10,10,7.0,10,0,6,1,0,6,50.0,600760.SH,中航沈飞
32504,20201231,10,10,3.0,10,4,2,10,1,0,50.0,300910.SZ,瑞丰新材
40063,20201231,0,0,7.0,10,3,2,10,8,10,50.0,600618.SH,氯碱化工
43569,20201231,10,10,10.0,7,10,0,3,0,0,50.0,600892.SH,大晟文化
25398,20201231,9,10,5.0,0,0,7,10,0,9,50.0,300347.SZ,泰格医药
40423,20201231,8,0,3.0,10,10,0,0,9,10,50.0,600648.SH,外高桥
33047,20201231,0,0,7.0,10,9,0,5,9,10,50.0,600018.SH,上港集团
25114,20201231,10,2,5.0,10,3,10,10,0,0,50.0,300327.SZ,中颖电子
36869,20201231,5,10,7.0,10,0,4,6,3,5,50.0,600336.SH,澳柯玛
32988,20201231,0,0,3.0,10,10,0,7,10,10,50.0,600012.SH,皖通高速
23255,20201231,0,0,7.0,10,10,0,7,6,10,50.0,300196.SZ,长海股份
35121,20201231,3,0,7.0,10,10,0,0,10,10,50.0,600192.SH,长城电工
20403,20201231,0,5,5.0,10,10,5,10,5,0,50.0,003022.SZ,联泓新科
54592,20201231,10,1,0.0,10,0,3,8,8,10,50.0,605050.SH,福然德
3808,20201231,10,0,10.0,10,0,0,0,10,10,50.0,000722.SZ,湖南发展
57440,20201231,10,10,0.0,10,0,10,10,0,0,50.0,688636.SH,N智明达
6176,20201231,10,0,3.0,10,10,0,0,7,10,50.0,000970.SZ,中科三环
57459,20201231,10,0,3.0,10,10,7,10,0,0,50.0,688659.SH,元琛科技
57433,20201231,10,6,1.0,10,3,10,10,0,0,50.0,688633.SH,星球石墨
48765,20201231,0,10,1.0,10,10,0,6,3,10,50.0,603159.SH,上海亚虹
20110,20201231,10,10,0.0,10,0,10,10,0,0,50.0,002985.SZ,北摩高科
56177,20201231,9,6,7.0,10,0,3,5,4,6,50.0,688186.SH,广大特材
15657,20201231,0,0,7.0,10,10,0,10,3,10,50.0,002643.SZ,万润股份
54569,20201231,7,10,3.0,10,0,10,10,0,0,50.0,605008.SH,长鸿高科
20916,20201231,10,10,7.0,10,0,0,5,8,0,50.0,300026.SZ,红日药业
55087,20201231,10,10,0.0,10,0,10,10,0,0,50.0,605389.SH,长龄液压
17049,20201231,0,0,7.0,10,10,0,4,9,10,50.0,002746.SZ,仙坛股份
15571,20201231,10,0,5.0,10,0,2,6,8,9,50.0,002637.SZ,赞宇科技
7639,20201231,2,10,5.0,10,10,3,10,0,0,50.0,002075.SZ,沙钢股份
10245,20201231,0,10,0.0,10,10,10,10,0,0,50.0,002259.SZ,*ST升达
2360,20201231,0,10,10.0,10,0,0,10,0,10,50.0,000585.SZ,*ST东电
1985,20201231,10,10,0.0,10,0,0,0,10,10,50.0,000548.SZ,湖南投资
56620,20201231,10,10,10.0,10,10,0,0,0,0,50.0,688321.SH,微芯生物
22057,20201231,6,10,0.0,10,9,0,0,6,9,50.0,300110.SZ,华仁药业
45729,20201231,10,10,0.0,0,10,1,0,9,10,50.0,601377.SH,兴业证券
49591,20201231,10,5,3.0,10,1,10,10,0,0,49.0,603288.SH,海天味业
43967,20201231,0,6,3.0,10,10,0,0,10,10,49.0,600963.SH,岳阳林纸
20302,20201231,0,0,10.0,10,3,1,10,5,10,49.0,003008.SZ,开普检测
5542,20201231,0,0,0.0,10,10,2,8,9,10,49.0,000910.SZ,大亚圣象
5659,20201231,5,0,5.0,10,10,0,3,6,10,49.0,000920.SZ,南方汇通
1362,20201231,0,0,0.0,10,10,0,10,9,10,49.0,000429.SZ,粤高速A
27180,20201231,10,2,5.0,10,10,5,6,1,0,49.0,300476.SZ,胜宏科技
55925,20201231,0,0,5.0,10,5,4,10,5,10,49.0,688129.SH,东来技术
56523,20201231,10,5,7.0,10,0,1,9,7,0,49.0,688308.SH,欧科亿
19689,20201231,5,0,5.0,10,10,0,6,3,10,49.0,002947.SZ,恒铭达
57207,20201231,10,10,0.0,10,0,9,10,0,0,49.0,688568.SH,中科星图
56707,20201231,10,10,3.0,10,0,6,10,0,0,49.0,688356.SH,键凯科技
46885,20201231,4,0,3.0,10,10,0,2,10,10,49.0,601898.SH,中煤能源
2030,20201231,0,0,9.0,10,10,0,0,10,10,49.0,000552.SZ,靖远煤电
55706,20201231,0,8,10.0,10,8,0,10,3,0,49.0,688089.SH,嘉必优
16693,20201231,10,10,0.0,10,10,0,0,9,0,49.0,002719.SZ,*ST麦趣
361,20201231,9,0,0.0,10,10,0,0,10,10,49.0,000031.SZ,大悦城
54453,20201231,10,10,5.0,10,10,0,0,4,0,49.0,603993.SH,洛阳钼业
51665,20201231,10,10,3.0,10,10,0,0,6,0,49.0,603626.SH,科森科技
116,20201231,0,6,5.0,10,10,1,2,5,10,49.0,000009.SZ,中国宝安
57576,20201231,8,10,3.0,10,0,5,10,3,0,49.0,688699.SH,明微电子
3881,20201231,10,10,0.0,0,10,0,0,9,10,49.0,000728.SZ,国元证券
35293,20201231,9,10,3.0,10,0,0,3,4,10,49.0,600207.SH,安彩高科
669,20201231,9,0,5.0,10,0,2,6,7,10,49.0,000062.SZ,深圳华强
35062,20201231,0,0,7.0,10,10,2,0,10,10,49.0,600188.SH,兖州煤业
56213,20201231,10,10,0.0,10,0,9,10,0,0,49.0,688195.SH,腾景科技
6791,20201231,0,2,1.0,10,10,6,10,6,4,49.0,002014.SZ,永新股份
3749,20201231,4,0,5.0,10,0,2,9,9,10,49.0,000718.SZ,苏宁环球
41919,20201231,7,10,9.0,10,10,0,0,3,0,49.0,600765.SH,中航重机
20431,20201231,0,0,7.0,10,0,5,10,7,10,49.0,003027.SZ,同兴环保
53507,20201231,10,10,9.0,10,10,0,0,0,0,49.0,603881.SH,数据港
13362,20201231,10,10,10.0,10,0,0,0,9,0,49.0,002480.SZ,新筑股份
50412,20201231,0,0,5.0,10,10,0,4,10,10,49.0,603385.SH,惠达卫浴
37878,20201231,0,0,5.0,10,10,2,10,2,10,49.0,600426.SH,华鲁恒升
39338,20201231,8,6,5.0,10,0,10,10,0,0,49.0,600563.SH,法拉电子
56055,20201231,10,10,5.0,10,1,2,10,0,0,48.0,688166.SH,博瑞医药
56752,20201231,10,0,9.0,10,6,3,10,0,0,48.0,688363.SH,华熙生物
42193,20201231,0,0,10.0,9,10,0,0,9,10,48.0,600785.SH,新华百货
9512,20201231,0,0,9.0,10,10,0,1,8,10,48.0,002206.SZ,海利得
16506,20201231,7,10,7.0,10,10,0,0,4,0,48.0,002703.SZ,浙江世宝
14646,20201231,4,2,0.0,10,0,10,10,2,10,48.0,002572.SZ,索菲亚
36998,20201231,4,0,3.0,10,10,0,1,10,10,48.0,600350.SH,山东高速
32899,20201231,0,10,7.0,10,10,0,0,6,5,48.0,600006.SH,东风汽车
42294,20201231,5,10,5.0,10,0,0,10,8,0,48.0,600794.SH,保税科技
27354,20201231,5,0,1.0,10,10,0,6,6,10,48.0,300488.SZ,恒锋工具
42801,20201231,10,10,7.0,10,0,0,1,5,5,48.0,600833.SH,第一医药
25498,20201231,10,10,0.0,10,0,2,10,0,6,48.0,300354.SZ,东华测试
24517,20201231,10,2,5.0,10,8,3,10,0,0,48.0,300285.SZ,国瓷材料
12668,20201231,10,10,5.0,10,0,4,8,1,0,48.0,002430.SZ,杭氧股份
53676,20201231,10,2,3.0,10,10,0,5,8,0,48.0,603897.SH,长城科技
22757,20201231,0,10,0.0,10,10,2,6,0,10,48.0,300160.SZ,秀强股份
44620,20201231,0,0,5.0,10,10,0,3,10,10,48.0,601018.SH,宁波港
39250,20201231,0,0,9.0,10,10,0,0,9,10,48.0,600557.SH,康缘药业
317,20201231,8,4,5.0,10,10,0,2,9,0,48.0,000028.SZ,国药一致
35886,20201231,3,0,5.0,10,10,0,0,10,10,48.0,600256.SH,广汇能源
30052,20201231,9,0,0.0,10,0,4,10,5,10,48.0,300682.SZ,朗新科技
45760,20201231,10,0,7.0,10,0,1,0,10,10,48.0,601390.SH,中国中铁
32022,20201231,10,5,1.0,10,0,10,10,2,0,48.0,300848.SZ,美瑞新材
843,20201231,0,0,7.0,10,10,0,2,9,10,48.0,000099.SZ,中信海直
46017,20201231,0,4,5.0,10,10,0,0,9,10,48.0,601600.SH,中国铝业
44068,20201231,0,0,5.0,10,10,0,3,10,10,48.0,600971.SH,恒源煤电
29950,20201231,3,10,5.0,10,10,0,0,0,10,48.0,300675.SZ,建科院
49703,20201231,1,0,5.0,10,6,2,7,8,9,48.0,603303.SH,得邦照明
15369,20201231,10,10,5.0,10,8,0,1,4,0,48.0,002623.SZ,亚玛顿
57262,20201231,10,10,1.0,10,0,7,10,0,0,48.0,688580.SH,伟思医疗
20245,20201231,5,0,9.0,10,0,1,4,9,10,48.0,003001.SZ,中岩大地
46487,20201231,10,10,0.0,0,10,0,0,8,10,48.0,601788.SH,光大证券
33439,20201231,10,6,5.0,10,0,0,0,9,8,48.0,600057.SH,厦门象屿
19930,20201231,10,8,5.0,9,0,6,10,0,0,48.0,002968.SZ,新大正
1897,20201231,7,0,3.0,10,10,0,0,8,10,48.0,000541.SZ,佛山照明
36451,20201231,10,10,0.0,10,0,2,7,9,0,48.0,600302.SH,标准股份
1853,20201231,5,10,5.0,10,0,5,10,3,0,48.0,000538.SZ,云南白药
46812,20201231,10,10,0.0,0,10,0,0,8,10,48.0,601881.SH,中国银河
49024,20201231,5,10,7.0,10,0,0,6,1,8,47.0,603189.SH,网达软件
55339,20201231,10,10,10.0,10,0,0,5,0,2,47.0,688021.SH,奥福环保
13113,20201231,0,0,3.0,10,10,0,4,10,10,47.0,002462.SZ,嘉事堂
40715,20201231,0,0,7.0,10,10,0,3,7,10,47.0,600673.SH,东阳光
40803,20201231,0,0,5.0,10,5,2,7,8,10,47.0,600681.SH,百川能源
54636,20201231,0,2,9.0,10,6,10,10,0,0,47.0,605077.SH,华康股份
50241,20201231,0,0,0.0,10,3,10,10,4,10,47.0,603360.SH,百傲化学
55479,20201231,10,10,9.0,10,0,0,8,0,0,47.0,688050.SH,爱博医疗
37893,20201231,0,0,7.0,10,10,0,0,10,10,47.0,600428.SH,中远海特
37966,20201231,10,10,5.0,10,0,5,7,0,0,47.0,600438.SH,通威股份
48938,20201231,0,7,5.0,10,0,9,10,1,5,47.0,603181.SH,皇马科技
28859,20201231,10,5,5.0,10,0,4,10,3,0,47.0,300596.SZ,利安隆
9212,20201231,0,10,5.0,10,10,0,1,1,10,47.0,002185.SZ,华天科技
16003,20201231,10,0,0.0,10,10,0,0,7,10,47.0,002667.SZ,鞍重股份
174,20201231,0,0,9.0,10,10,0,0,8,10,47.0,000014.SZ,沙河股份
23629,20201231,10,4,3.0,10,10,0,0,0,10,47.0,300223.SZ,北京君正
20516,20201231,0,8,1.0,10,8,10,10,0,0,47.0,003041.SZ,真爱美家
23688,20201231,7,10,3.0,10,0,1,9,3,4,47.0,300227.SZ,光韵达
20787,20201231,0,10,9.0,10,10,0,0,8,0,47.0,300017.SZ,网宿科技
44213,20201231,10,3,3.0,10,0,2,2,7,10,47.0,600984.SH,建设机械
36061,20201231,0,0,0.0,10,10,0,10,7,10,47.0,600271.SH,航天信息
20341,20201231,9,4,5.0,10,0,10,7,2,0,47.0,003013.SZ,地铁设计
24532,20201231,10,0,10.0,10,0,5,10,2,0,47.0,300286.SZ,安科瑞
24787,20201231,10,10,3.0,10,0,0,7,7,0,47.0,300304.SZ,云意电气
41990,20201231,0,10,10.0,10,0,0,0,7,10,47.0,600770.SH,综艺股份
57390,20201231,2,4,7.0,10,7,7,10,0,0,47.0,688616.SH,西力科技
34817,20201231,2,0,5.0,10,10,0,0,10,10,47.0,600168.SH,武汉控股
19868,20201231,0,0,7.0,10,10,0,4,6,10,47.0,002962.SZ,五方光电
19411,20201231,10,1,5.0,10,1,10,10,0,0,47.0,002925.SZ,盈趣科技
145,20201231,0,0,1.0,10,0,10,10,7,9,47.0,000011.SZ,深物业A
56627,20201231,10,10,0.0,10,0,7,10,0,0,47.0,688328.SH,深科达
43134,20201231,0,10,9.0,10,0,10,6,2,0,47.0,600860.SH,京城股份
45222,20201231,0,0,7.0,10,10,0,0,10,10,47.0,601188.SH,龙江交通
35063,20201231,0,0,5.0,10,10,2,0,10,10,47.0,600188.SH,兖州煤业
56435,20201231,4,10,5.0,10,0,5,10,0,3,47.0,688278.SH,特宝生物
16189,20201231,0,10,3.0,10,0,10,10,4,0,47.0,002681.SZ,*ST奋达
27470,20201231,10,10,0.0,10,3,4,10,0,0,47.0,300496.SZ,中科创达
42208,20201231,10,10,5.0,10,0,0,0,10,2,47.0,600787.SH,中储股份
45628,20201231,10,4,0.0,0,10,5,0,8,10,47.0,601336.SH,新华保险
2660,20201231,0,10,10.0,10,0,0,0,7,10,47.0,000610.SZ,西安旅游
16421,20201231,10,0,5.0,10,0,6,10,6,0,47.0,002697.SZ,红旗连锁
34989,20201231,6,3,5.0,10,5,8,10,0,0,47.0,600183.SH,生益科技
22685,20201231,0,0,10.0,10,8,0,0,9,10,47.0,300154.SZ,瑞凌股份
17991,20201231,0,0,5.0,10,0,5,10,7,10,47.0,002818.SZ,富森美
8115,20201231,0,10,3.0,10,1,0,8,7,7,46.0,002108.SZ,沧州明珠
7337,20201231,0,0,7.0,10,10,0,0,9,10,46.0,002053.SZ,云南能投
7524,20201231,3,10,1.0,10,10,0,0,2,10,46.0,002066.SZ,瑞泰科技
57428,20201231,10,7,0.0,10,0,9,10,0,0,46.0,688630.SH,芯碁微装
33800,20201231,0,0,3.0,10,10,1,8,4,10,46.0,600085.SH,同仁堂
55047,20201231,0,0,7.0,10,10,9,10,0,0,46.0,605368.SH,蓝天燃气
57270,20201231,10,10,1.0,10,0,2,9,0,4,46.0,688585.SH,上纬新材
1795,20201231,3,10,5.0,10,0,3,1,4,10,46.0,000533.SZ,顺钠股份
5324,20201231,0,10,10.0,10,10,0,0,6,0,46.0,000890.SZ,*ST胜尔
56939,20201231,0,10,7.0,10,0,9,10,0,0,46.0,688456.SH,有研粉材
56860,20201231,10,10,3.0,10,0,3,10,0,0,46.0,688389.SH,普门科技
4807,20201231,0,0,9.0,0,10,2,6,9,10,46.0,000828.SZ,东莞控股
37631,20201231,4,10,7.0,10,0,2,4,0,9,46.0,600399.SH,ST抚钢
56389,20201231,1,0,5.0,10,10,10,10,0,0,46.0,688260.SH,昀冢科技
56632,20201231,1,8,0.0,10,10,7,10,0,0,46.0,688329.SH,艾隆科技
10776,20201231,0,10,10.0,10,10,0,0,6,0,46.0,002297.SZ,博云新材
42120,20201231,0,0,5.0,10,10,0,1,10,10,46.0,600780.SH,通宝能源
20090,20201231,2,0,3.0,10,10,1,8,2,10,46.0,002983.SZ,芯瑞达
20479,20201231,10,10,3.0,10,10,0,3,0,0,46.0,003035.SZ,南网能源
12223,20201231,10,0,10.0,10,0,1,8,7,0,46.0,002399.SZ,海普瑞
12510,20201231,0,0,7.0,10,10,0,0,9,10,46.0,002419.SZ,天虹股份
44113,20201231,5,10,1.0,10,0,2,4,5,9,46.0,600976.SH,健民集团
27311,20201231,0,0,9.0,10,10,0,1,6,10,46.0,300485.SZ,赛升药业
14995,20201231,8,10,0.0,10,10,0,0,8,0,46.0,002596.SZ,海南瑞泽
19743,20201231,4,4,1.0,10,10,4,10,3,0,46.0,002951.SZ,金时科技
13289,20201231,0,10,0.0,10,10,0,0,6,10,46.0,002474.SZ,榕基软件
19580,20201231,7,0,5.0,10,10,4,10,0,0,46.0,002938.SZ,鹏鼎控股
46842,20201231,0,10,5.0,10,0,2,0,10,9,46.0,601886.SH,江河集团
40614,20201231,0,0,3.0,10,0,10,6,7,10,46.0,600663.SH,陆家嘴
18006,20201231,5,0,5.0,10,10,0,6,0,10,46.0,002819.SZ,东方中科
47266,20201231,0,0,9.0,7,10,0,0,10,10,46.0,601992.SH,金隅集团
17876,20201231,10,0,7.0,10,0,1,8,8,2,46.0,002809.SZ,红墙股份
49844,20201231,10,10,1.0,10,10,0,0,5,0,46.0,603318.SH,派思股份
45039,20201231,1,0,5.0,10,0,8,7,5,10,46.0,601138.SH,工业富联
23211,20201231,1,0,10.0,10,6,0,1,8,10,46.0,300193.SZ,佳士科技
22772,20201231,10,10,0.0,10,0,0,0,6,10,46.0,300161.SZ,华中数控
21202,20201231,10,6,1.0,10,10,0,0,9,0,46.0,300047.SZ,天源迪科
10417,20201231,10,5,7.0,6,0,0,0,8,10,46.0,002272.SZ,川润股份
15829,20201231,10,10,5.0,10,10,0,0,1,0,46.0,002655.SZ,共达电声
44375,20201231,0,0,5.0,10,7,0,4,10,10,46.0,600997.SH,开滦股份
15800,20201231,0,9,7.0,10,0,10,10,0,0,46.0,002653.SZ,海思科
44590,20201231,0,10,0.0,10,10,0,0,9,7,46.0,601015.SH,陕西黑猫
9768,20201231,0,4,3.0,10,10,0,3,8,8,46.0,002225.SZ,濮耐股份
48981,20201231,8,10,1.0,10,10,1,2,4,0,46.0,603186.SH,华正新材
23026,20201231,0,0,7.0,10,10,0,5,4,10,46.0,300179.SZ,四方达
28303,20201231,5,10,3.0,10,0,1,3,3,10,45.0,300556.SZ,丝路视觉
15442,20201231,0,10,5.0,10,0,0,0,10,10,45.0,002628.SZ,成都路桥
16276,20201231,0,0,5.0,10,0,2,10,8,10,45.0,002687.SZ,乔治白
16291,20201231,0,0,7.0,10,10,0,1,7,10,45.0,002688.SZ,金河生物
47614,20201231,3,1,5.0,10,6,0,7,9,4,45.0,603020.SH,爱普股份
41757,20201231,10,0,5.0,6,10,0,4,0,10,45.0,600753.SH,东方银星
2875,20201231,0,0,7.0,10,10,0,0,8,10,45.0,000629.SZ,攀钢钒钛
30838,20201231,0,0,5.0,10,4,5,10,1,10,45.0,300741.SZ,华宝股份
2418,20201231,0,0,10.0,10,10,0,0,5,10,45.0,000590.SZ,启迪药业
1045,20201231,0,10,5.0,10,0,0,2,8,10,45.0,000400.SZ,许继电气
42671,20201231,0,0,5.0,10,10,0,0,10,10,45.0,600823.SH,世茂股份
33178,20201231,0,0,5.0,10,10,0,0,10,10,45.0,600028.SH,中国石化
43336,20201231,10,2,5.0,10,5,0,1,9,3,45.0,600874.SH,创业环保
43879,20201231,0,0,7.0,10,10,2,2,4,10,45.0,600956.SH,新天绿能
33930,20201231,0,0,5.0,10,10,0,1,9,10,45.0,600097.SH,开创国际
34015,20201231,0,0,5.0,10,10,0,0,10,10,45.0,600104.SH,上汽集团
35929,20201231,10,0,5.0,10,10,0,0,0,10,45.0,600259.SH,广晟有色
44346,20201231,0,0,7.0,10,10,0,0,8,10,45.0,600995.SH,文山电力
699,20201231,10,0,1.0,10,0,4,0,10,10,45.0,000065.SZ,北方国际
684,20201231,7,0,3.0,10,10,2,0,3,10,45.0,000063.SZ,中兴通讯
551,20201231,0,0,5.0,10,10,10,10,0,0,45.0,000049.SZ,德赛电池
390,20201231,1,0,5.0,10,10,4,0,5,10,45.0,000034.SZ,神州数码
35337,20201231,0,3,7.0,10,10,1,5,9,0,45.0,600210.SH,紫江企业
57583,20201231,10,3,3.0,10,10,5,4,0,0,45.0,688777.SH,中控技术
45294,20201231,10,10,0.0,0,7,0,0,9,9,45.0,601211.SH,国泰君安
41611,20201231,0,0,5.0,10,10,1,1,8,10,45.0,600741.SH,华域汽车
22114,20201231,9,9,1.0,10,0,5,10,1,0,45.0,300114.SZ,中航电测
14965,20201231,10,10,5.0,10,10,0,0,0,0,45.0,002594.SZ,比亚迪
52466,20201231,0,0,5.0,10,0,10,10,0,10,45.0,603719.SH,良品铺子
40570,20201231,0,0,7.0,10,10,2,6,0,10,45.0,600660.SH,福耀玻璃
54731,20201231,0,0,3.0,10,6,1,8,7,10,45.0,605128.SH,上海沿浦
12136,20201231,0,0,5.0,10,10,0,0,10,10,45.0,002393.SZ,力生制药
12996,20201231,0,5,0.0,10,10,0,0,10,10,45.0,002454.SZ,松芝股份
5919,20201231,0,0,5.0,10,10,0,0,10,10,45.0,000949.SZ,新乡化纤
51277,20201231,0,0,1.0,10,10,0,5,9,10,45.0,603586.SH,金麒麟
50104,20201231,0,0,7.0,10,10,0,0,8,10,45.0,603339.SH,四方科技
7038,20201231,0,0,5.0,10,0,10,10,0,10,45.0,002032.SZ,苏泊尔
10676,20201231,1,10,1.0,10,10,3,6,4,0,45.0,002290.SZ,ST禾盛
40744,20201231,0,0,5.0,10,10,0,1,9,10,45.0,600675.SH,中华企业
7439,20201231,8,2,5.0,10,0,0,0,10,10,45.0,002060.SZ,粤水电
12540,20201231,10,10,5.0,10,0,1,2,7,0,45.0,002421.SZ,达实智能
8721,20201231,10,10,5.0,10,10,0,0,0,0,45.0,002151.SZ,北斗星通
4229,20201231,10,9,0.0,0,6,1,0,9,10,45.0,000776.SZ,广发证券
13900,20201231,10,3,3.0,10,10,0,1,8,0,45.0,002519.SZ,银河电子
53705,20201231,10,0,3.0,10,2,10,10,0,0,45.0,603899.SH,晨光文具
8518,20201231,3,10,3.0,10,0,0,6,6,7,45.0,002136.SZ,安纳达
8274,20201231,4,0,5.0,10,10,0,4,2,10,45.0,002119.SZ,康强电子
43835,20201231,0,0,3.0,10,10,0,6,5,10,44.0,600933.SH,爱柯迪
22344,20201231,0,0,7.0,10,10,0,0,7,10,44.0,300130.SZ,新国都
858,20201231,0,10,5.0,10,10,4,0,5,0,44.0,000100.SZ,TCL科技
20395,20201231,0,0,5.0,10,0,4,10,5,10,44.0,003021.SZ,兆威机电
36016,20201231,0,10,5.0,10,10,0,2,7,0,44.0,600267.SH,海正药业
35033,20201231,0,10,1.0,10,0,10,3,0,10,44.0,600186.SH,莲花健康
33900,20201231,10,0,1.0,10,10,0,0,3,10,44.0,600095.SH,湘财股份
39713,20201231,10,0,5.0,10,0,0,2,7,10,44.0,600592.SH,龙溪股份
45987,20201231,4,0,5.0,10,3,0,2,10,10,44.0,601598.SH,中国外运
45509,20201231,4,0,9.0,10,0,2,10,9,0,44.0,601298.SH,青岛港
30449,20201231,10,10,0.0,10,10,0,0,0,4,44.0,300711.SZ,广哈通信
23703,20201231,10,10,7.0,10,0,0,0,7,0,44.0,300228.SZ,富瑞特装
20673,20201231,0,10,5.0,10,6,3,10,0,0,44.0,300009.SZ,安科生物
39119,20201231,0,0,3.0,10,10,0,4,7,10,44.0,600546.SH,山煤国际
45699,20201231,5,3,7.0,10,10,0,0,8,1,44.0,601369.SH,陕鼓动力
52032,20201231,0,0,7.0,10,10,0,0,7,10,44.0,603677.SH,奇精机械
53607,20201231,0,4,3.0,10,5,0,2,10,10,44.0,603889.SH,新澳股份
52679,20201231,10,4,3.0,7,10,5,5,0,0,44.0,603759.SH,海天股份
38890,20201231,0,0,5.0,10,10,0,0,9,10,44.0,600526.SH,菲达环保
14330,20201231,0,0,7.0,10,10,0,0,7,10,44.0,002550.SZ,千红制药
27398,20201231,10,10,0.0,10,0,0,1,3,10,44.0,300491.SZ,通合科技
3620,20201231,0,3,5.0,10,4,10,10,2,0,44.0,000708.SZ,中信特钢
16146,20201231,0,4,1.0,10,9,10,10,0,0,44.0,002677.SZ,浙江美大
16320,20201231,0,0,5.0,10,0,9,10,0,10,44.0,002690.SZ,美亚光电
47686,20201231,0,0,1.0,10,10,3,10,0,10,44.0,603026.SH,石大胜华
48301,20201231,0,0,7.0,10,6,0,3,8,10,44.0,603095.SH,越剑智能
32165,20201231,10,0,5.0,10,0,0,7,2,10,44.0,300865.SZ,大宏立
37300,20201231,0,0,7.0,10,0,2,5,10,10,44.0,600373.SH,中文传媒
56996,20201231,10,10,3.0,10,0,1,10,0,0,44.0,688508.SH,芯朋微
26409,20201231,3,10,1.0,10,10,0,1,9,0,44.0,300421.SZ,力星股份
4622,20201231,1,0,5.0,10,10,0,0,8,10,44.0,000811.SZ,冰轮环境
54747,20201231,10,6,1.0,10,0,7,10,0,0,44.0,605136.SH,丽人丽妆
19382,20201231,3,0,3.0,10,10,0,0,8,10,44.0,002922.SZ,伊戈尔
55798,20201231,10,0,5.0,10,0,0,1,8,10,44.0,688101.SH,三达膜
39800,20201231,0,1,7.0,10,10,5,10,0,0,43.0,600598.SH,北大荒
48502,20201231,6,0,3.0,10,0,0,8,6,10,43.0,603115.SH,海星股份
53070,20201231,9,0,5.0,10,10,0,0,9,0,43.0,603817.SH,海峡环保
39890,20201231,5,0,10.0,10,0,0,0,8,10,43.0,600604.SH,市北高新
55626,20201231,10,0,1.0,10,0,0,9,3,10,43.0,688078.SH,龙软科技
45265,20201231,10,0,5.0,10,9,0,0,9,0,43.0,601200.SH,上海环境
42048,20201231,0,0,5.0,10,10,0,0,8,10,43.0,600775.SH,南京熊猫
44419,20201231,0,0,5.0,10,9,0,9,10,0,43.0,601000.SH,唐山港
54312,20201231,6,10,3.0,10,4,0,4,6,0,43.0,603982.SH,泉峰汽车
38444,20201231,0,0,5.0,10,10,0,0,8,10,43.0,600490.SH,鹏欣资源
38473,20201231,0,0,5.0,10,10,0,0,8,10,43.0,600493.SH,凤竹纺织
37863,20201231,0,6,5.0,10,10,0,2,10,0,43.0,600425.SH,青松建化
50005,20201231,9,1,3.0,10,0,0,4,6,10,43.0,603331.SH,百达精工
42351,20201231,0,0,3.0,10,10,0,2,8,10,43.0,600798.SH,宁波海运
55023,20201231,10,10,5.0,10,4,2,2,0,0,43.0,605358.SH,立昂微
47426,20201231,0,0,3.0,10,10,0,3,7,10,43.0,603006.SH,联明股份
38803,20201231,5,1,5.0,10,2,10,10,0,0,43.0,600519.SH,贵州茅台
54607,20201231,0,0,5.0,10,1,3,8,6,10,43.0,605058.SH,澳弘电子
36076,20201231,0,0,9.0,10,10,0,0,4,10,43.0,600272.SH,开开实业
46973,20201231,0,0,3.0,10,10,3,8,9,0,43.0,601918.SH,新集能源
39149,20201231,10,0,0.0,10,0,0,3,10,10,43.0,600548.SH,深高速
54612,20201231,0,0,7.0,10,6,10,10,0,0,43.0,605060.SH,联德股份
43481,20201231,5,2,5.0,10,5,6,10,0,0,43.0,600885.SH,宏发股份
46544,20201231,8,0,5.0,10,0,0,0,10,10,43.0,601800.SH,中国交建
32810,20201231,10,10,3.0,0,0,10,10,0,0,43.0,300959.SZ,线上线下
31125,20201231,0,0,7.0,10,6,2,10,5,3,43.0,300765.SZ,新诺威
20320,20201231,10,0,9.0,10,0,1,10,3,0,43.0,003010.SZ,若羽臣
5761,20201231,6,1,5.0,10,0,1,0,10,10,43.0,000928.SZ,中钢国际
12783,20201231,10,10,3.0,10,0,0,5,5,0,43.0,002438.SZ,江苏神通
13332,20201231,0,0,3.0,10,10,0,0,10,10,43.0,002478.SZ,常宝股份
31401,20201231,0,5,3.0,10,0,6,8,1,10,43.0,300788.SZ,中信出版
4836,20201231,0,0,5.0,10,10,0,0,8,10,43.0,000830.SZ,鲁西化工
31086,20201231,0,0,5.0,10,10,0,0,8,10,43.0,300761.SZ,立华股份
16636,20201231,6,10,7.0,10,10,0,0,0,0,43.0,002715.SZ,登云股份
29183,20201231,10,0,9.0,10,0,0,0,4,10,43.0,300620.SZ,光库科技
33643,20201231,0,10,1.0,10,10,0,5,7,0,43.0,600073.SH,上海梅林
448,20201231,10,0,5.0,10,0,0,0,8,10,43.0,000038.SZ,深大通
19661,20201231,10,10,0.0,0,10,4,0,0,9,43.0,002945.SZ,华林证券
20206,20201231,7,6,5.0,10,0,2,10,3,0,43.0,002996.SZ,顺博合金
4548,20201231,10,10,0.0,10,0,9,4,0,0,43.0,000803.SZ,北清环能
22200,20201231,10,0,5.0,10,0,0,0,8,10,43.0,300120.SZ,经纬辉开
34717,20201231,0,0,5.0,10,10,0,0,8,10,43.0,600160.SH,巨化股份
34302,20201231,0,0,5.0,10,7,0,2,9,10,43.0,600125.SH,铁龙物流
26834,20201231,9,0,7.0,10,0,7,10,0,0,43.0,300452.SZ,山河药辅
26892,20201231,2,10,10.0,10,10,0,1,0,0,43.0,300456.SZ,赛微电子
20544,20201231,10,0,1.0,10,10,0,3,9,0,43.0,003816.SZ,中国广核
3851,20201231,0,0,3.0,10,10,0,0,10,10,43.0,000726.SZ,鲁泰A
42903,20201231,10,10,5.0,10,0,0,0,7,0,42.0,600841.SH,上柴股份
15931,20201231,0,10,3.0,10,10,0,1,8,0,42.0,002662.SZ,京威股份
23168,20201231,10,1,5.0,10,0,0,2,9,5,42.0,300190.SZ,维尔利
31424,20201231,10,8,5.0,10,0,0,4,5,0,42.0,300790.SZ,宇瞳光学
31764,20201231,0,0,5.0,10,0,2,10,5,10,42.0,300823.SZ,建科机械
20505,20201231,0,3,3.0,10,10,6,10,0,0,42.0,003039.SZ,顺控发展
13260,20201231,8,0,5.0,10,10,0,0,9,0,42.0,002472.SZ,双环传动
30724,20201231,10,2,1.0,10,0,3,7,9,0,42.0,300732.SZ,设研院
38069,20201231,7,10,5.0,10,0,8,2,0,0,42.0,600455.SH,博通股份
32559,20201231,10,10,5.0,10,0,4,3,0,0,42.0,300919.SZ,中伟股份
32765,20201231,0,0,5.0,10,10,7,10,0,0,42.0,300950.SZ,德固特
51365,20201231,0,0,3.0,10,10,9,10,0,0,42.0,603596.SH,伯特利
37344,20201231,0,0,1.0,10,10,0,3,8,10,42.0,600377.SH,宁沪高速
56607,20201231,10,10,9.0,0,0,3,10,0,0,42.0,688318.SH,财富趋势
16764,20201231,0,0,5.0,10,10,0,0,7,10,42.0,002725.SZ,跃岭股份
16218,20201231,3,10,5.0,10,10,0,4,0,0,42.0,002683.SZ,宏大爆破
18848,20201231,0,0,5.0,10,0,0,10,7,10,42.0,002882.SZ,金龙羽
46191,20201231,2,5,5.0,10,10,0,0,0,10,42.0,601633.SH,长城汽车
46312,20201231,10,3,0.0,0,10,0,0,9,10,42.0,601688.SH,华泰证券
56834,20201231,8,8,3.0,10,0,3,10,0,0,42.0,688386.SH,泛亚微透
20138,20201231,10,0,3.0,10,0,0,1,8,10,42.0,002988.SZ,豪美新材
19223,20201231,0,0,3.0,10,10,0,0,9,10,42.0,002910.SZ,庄园牧场
45568,20201231,0,1,9.0,10,10,0,2,10,0,42.0,601326.SH,秦港股份
21332,20201231,10,10,5.0,10,0,0,0,7,0,42.0,300056.SZ,中创环保
42265,20201231,0,0,3.0,10,10,0,0,9,10,42.0,600792.SH,云煤能源
51933,20201231,0,0,3.0,10,10,1,8,0,10,42.0,603663.SH,三祥新材
18333,20201231,0,0,3.0,10,10,0,4,5,10,42.0,002843.SZ,泰嘉股份
40918,20201231,0,0,7.0,10,5,5,5,0,10,42.0,600690.SH,海尔智家
28815,20201231,4,10,0.0,10,0,7,10,0,1,42.0,300593.SZ,新雷能
57116,20201231,0,0,9.0,10,0,0,8,5,10,42.0,688551.SH,科威尔
29636,20201231,0,0,9.0,10,4,9,10,0,0,42.0,300653.SZ,正海生物
5485,20201231,6,2,5.0,10,10,0,0,9,0,42.0,000905.SZ,厦门港务
44476,20201231,0,0,5.0,7,10,0,0,10,10,42.0,601005.SH,重庆钢铁
33090,20201231,0,0,7.0,10,10,0,0,10,5,42.0,600021.SH,上海电力
10274,20201231,0,1,0.0,10,10,9,10,2,0,42.0,002262.SZ,恩华药业
35856,20201231,0,0,10.0,8,6,0,0,8,10,42.0,600252.SH,中恒集团
54028,20201231,0,0,0.0,10,10,0,6,6,10,42.0,603938.SH,三孚股份
32855,20201231,9,8,5.0,10,10,0,0,0,0,42.0,300999.SZ,金龙鱼
52624,20201231,4,10,5.0,10,10,0,0,2,0,41.0,603738.SH,泰晶科技
40250,20201231,0,2,10.0,10,0,0,0,9,10,41.0,600635.SH,大众公用
26083,20201231,10,0,3.0,10,0,0,4,4,10,41.0,300398.SZ,飞凯材料
30037,20201231,10,10,0.0,10,10,0,0,1,0,41.0,300681.SZ,英搏尔
56762,20201231,5,0,5.0,10,4,0,7,0,10,41.0,688365.SH,光云科技
47629,20201231,10,10,3.0,10,0,0,0,8,0,41.0,603021.SH,山东华鹏
38846,20201231,9,4,5.0,10,0,0,4,9,0,41.0,600522.SH,中天科技
22955,20201231,0,10,1.0,10,0,1,10,4,5,41.0,300174.SZ,元力股份
22315,20201231,0,10,7.0,10,10,0,0,4,0,41.0,300128.SZ,锦富技术
54965,20201231,6,0,0.0,10,0,3,10,2,10,41.0,605299.SH,舒华体育
47968,20201231,0,0,3.0,10,10,0,0,8,10,41.0,603055.SH,台华新材
6936,20201231,10,1,9.0,10,0,3,8,0,0,41.0,002025.SZ,航天电器
21942,20201231,10,10,0.0,10,0,0,1,0,10,41.0,300101.SZ,振芯科技
9783,20201231,3,0,5.0,10,10,0,4,9,0,41.0,002226.SZ,江南化工
14892,20201231,0,10,5.0,10,6,0,0,10,0,41.0,002589.SZ,瑞康医药
20079,20201231,10,0,0.0,10,0,4,9,2,6,41.0,002982.SZ,湘佳股份
16075,20201231,0,0,3.0,10,10,0,0,8,10,41.0,002672.SZ,东江环保
39353,20201231,3,0,0.0,10,0,8,0,10,10,41.0,600565.SH,迪马股份
15010,20201231,0,0,3.0,10,0,5,10,3,10,41.0,002597.SZ,金禾实业
15197,20201231,0,0,3.0,10,7,0,3,8,10,41.0,002611.SZ,东方精工
20772,20201231,0,0,10.0,10,0,1,5,5,10,41.0,300016.SZ,北陆药业
42614,20201231,0,0,3.0,10,10,0,0,8,10,41.0,600819.SH,耀皮玻璃
42541,20201231,0,0,10.0,0,10,0,9,9,3,41.0,600814.SH,杭州解百
4707,20201231,0,0,5.0,10,10,0,0,6,10,41.0,000819.SZ,岳阳兴长
4098,20201231,2,0,7.0,10,10,0,4,8,0,41.0,000756.SZ,新华制药
18362,20201231,9,0,5.0,10,10,0,3,4,0,41.0,002846.SZ,英联股份
29665,20201231,10,10,0.0,10,0,0,3,0,8,41.0,300655.SZ,晶瑞股份
44519,20201231,9,10,3.0,10,0,0,0,9,0,41.0,601008.SH,连云港
11091,20201231,0,10,10.0,10,10,0,1,0,0,41.0,002319.SZ,乐通股份
25327,20201231,0,0,3.0,10,10,0,5,3,10,41.0,300342.SZ,天银机电
28404,20201231,10,2,5.0,10,2,0,6,6,0,41.0,300563.SZ,神宇股份
51262,20201231,0,0,5.0,10,2,0,6,8,10,41.0,603585.SH,苏利股份
51071,20201231,0,0,7.0,10,2,0,3,9,10,41.0,603556.SH,海兴电力
38243,20201231,6,10,3.0,10,0,3,1,8,0,41.0,600470.SH,六国化工
50776,20201231,0,0,1.0,10,10,0,3,7,10,41.0,603500.SH,祥和实业
36046,20201231,0,0,1.0,10,10,0,0,10,10,41.0,600269.SH,赣粤高速
37716,20201231,0,0,3.0,10,10,0,0,8,10,41.0,600409.SH,三友化工
55148,20201231,10,9,0.0,10,0,0,0,2,10,41.0,688003.SH,天准科技
5109,20201231,0,10,1.0,10,0,10,0,2,8,41.0,000868.SZ,ST安凯
6526,20201231,0,0,1.0,10,10,0,0,10,10,41.0,001872.SZ,招商港口
3866,20201231,0,10,0.0,10,0,10,7,4,0,41.0,000727.SZ,华东科技
18805,20201231,5,1,7.0,10,0,1,9,8,0,41.0,002879.SZ,长缆科技
37459,20201231,0,0,3.0,10,10,0,0,8,10,41.0,600386.SH,北巴传媒
23644,20201231,4,10,5.0,10,10,0,0,2,0,41.0,300224.SZ,正海磁材
46638,20201231,0,0,1.0,10,10,0,0,10,10,41.0,601828.SH,美凯龙
44083,20201231,0,10,7.0,10,0,0,0,9,5,41.0,600973.SH,宝胜股份
12382,20201231,8,10,3.0,10,10,0,0,0,0,41.0,002410.SZ,广联达
37373,20201231,0,0,5.0,10,10,0,3,3,10,41.0,600379.SH,宝光股份
46588,20201231,0,0,3.0,10,10,3,5,10,0,41.0,601811.SH,新华文轩
39977,20201231,0,0,9.0,10,0,0,1,10,10,40.0,600611.SH,大众交通
4607,20201231,0,0,3.0,10,10,0,0,7,10,40.0,000810.SZ,创维数字
54242,20201231,0,0,10.0,10,10,0,0,0,10,40.0,603976.SH,正川股份
55722,20201231,0,0,10.0,10,0,10,10,0,0,40.0,688092.SH,爱科科技
33743,20201231,0,0,7.0,10,10,0,0,3,10,40.0,600081.SH,东风科技
28117,20201231,1,7,3.0,10,10,0,9,0,0,40.0,300542.SZ,新晨科技
46797,20201231,0,0,5.0,10,10,0,0,9,6,40.0,601880.SH,辽港股份
40220,20201231,10,0,5.0,1,10,0,5,9,0,40.0,600633.SH,浙数文化
35841,20201231,0,10,7.0,0,0,1,5,7,10,40.0,600251.SH,冠农股份
8359,20201231,0,0,5.0,10,10,0,0,5,10,40.0,002125.SZ,湘潭电化
30521,20201231,0,0,3.0,10,10,0,3,4,10,40.0,300717.SZ,华信新材
30264,20201231,0,0,3.0,10,0,3,10,4,10,40.0,300697.SZ,电工合金
8938,20201231,1,0,3.0,10,10,0,0,6,10,40.0,002166.SZ,莱茵生物
28347,20201231,0,0,10.0,10,0,10,10,0,0,40.0,300559.SZ,佳发教育
6104,20201231,0,0,10.0,10,0,0,0,10,10,40.0,000965.SZ,天保基建
54872,20201231,0,10,5.0,10,0,5,10,0,0,40.0,605208.SH,永茂泰
27165,20201231,0,0,5.0,10,10,0,0,5,10,40.0,300475.SZ,聚隆科技
27973,20201231,10,10,3.0,10,0,0,0,4,3,40.0,300532.SZ,今天国际
30607,20201231,0,0,10.0,10,3,6,10,1,0,40.0,300723.SZ,一品红
1420,20201231,0,0,0.0,10,10,0,0,10,10,40.0,000501.SZ,鄂武商A
2190,20201231,0,0,7.0,10,5,0,0,8,10,40.0,000565.SZ,渝三峡A
6571,20201231,0,0,0.0,10,10,0,0,10,10,40.0,001965.SZ,招商公路
33032,20201231,5,0,5.0,10,10,0,0,10,0,40.0,600017.SH,日照港
13068,20201231,10,2,0.0,10,0,3,4,1,10,40.0,002459.SZ,晶澳科技
38488,20201231,0,0,1.0,10,10,0,0,9,10,40.0,600495.SH,晋西车轴
56208,20201231,10,0,0.0,10,0,10,10,0,0,40.0,688191.SH,N智洋
32460,20201231,10,10,5.0,10,0,2,3,0,0,40.0,300903.SZ,科翔股份
23472,20201231,0,10,10.0,8,10,0,0,2,0,40.0,300211.SZ,亿通科技
44331,20201231,0,4,5.0,10,0,6,10,5,0,40.0,600993.SH,马应龙
32481,20201231,10,4,5.0,10,5,0,6,0,0,40.0,300907.SZ,康平科技
50526,20201231,10,10,7.0,10,0,0,3,0,0,40.0,603396.SH,金辰股份
23847,20201231,0,10,10.0,10,10,0,0,0,0,40.0,300238.SZ,冠昊生物
37937,20201231,10,10,0.0,10,0,0,0,0,10,40.0,600435.SH,北方导航
37111,20201231,0,10,0.0,10,10,0,0,0,10,40.0,600359.SH,新农开发
32794,20201231,10,0,5.0,10,3,6,6,0,0,40.0,300956.SZ,英力股份
6467,20201231,9,0,5.0,10,0,0,0,6,10,40.0,000997.SZ,新大陆
1075,20201231,0,0,0.0,10,10,0,0,10,10,40.0,000402.SZ,金融街
10819,20201231,9,0,5.0,10,0,2,8,6,0,40.0,002300.SZ,太阳电缆
43982,20201231,0,0,3.0,10,10,0,0,7,10,40.0,600965.SH,福成股份
55459,20201231,10,10,0.0,10,0,0,0,0,10,40.0,688037.SH,芯源微
38702,20201231,0,0,5.0,10,2,3,6,4,10,40.0,600511.SH,国药股份
2631,20201231,10,10,0.0,10,0,0,0,10,0,40.0,000608.SZ,阳光股份
6646,20201231,3,0,5.0,10,10,0,2,10,0,40.0,002004.SZ,华邦健康
38919,20201231,10,0,7.0,10,0,0,0,10,3,40.0,600528.SH,中铁工业
39207,20201231,7,10,5.0,10,1,0,0,7,0,40.0,600552.SH,凯盛科技
36669,20201231,0,0,1.0,10,10,0,0,9,10,40.0,600320.SH,振华重工
14359,20201231,3,0,7.0,10,10,0,0,0,10,40.0,002552.SZ,宝鼎科技
44879,20201231,0,0,0.0,10,10,0,0,10,10,40.0,601107.SH,四川成渝
39018,20201231,10,10,0.0,10,10,0,0,0,0,40.0,600536.SH,中国软件
41247,20201231,0,0,0.0,10,10,0,0,10,10,40.0,600716.SH,凤凰股份
44965,20201231,9,0,3.0,10,10,0,0,7,0,39.0,601118.SH,海南橡胶
55854,20201231,10,0,5.0,10,0,0,4,0,10,39.0,688116.SH,天奈科技
25743,20201231,0,0,5.0,10,6,0,0,8,10,39.0,300374.SZ,中铁装配
46061,20201231,0,3,5.0,10,10,0,2,9,0,39.0,601607.SH,上海医药
21517,20201231,0,0,0.0,10,10,0,0,9,10,39.0,300070.SZ,碧水源
6993,20201231,0,0,3.0,10,6,0,0,10,10,39.0,002029.SZ,七匹狼
7308,20201231,0,0,9.0,10,0,0,0,10,10,39.0,002051.SZ,中工国际
4041,20201231,0,3,5.0,10,0,0,3,8,10,39.0,000751.SZ,锌业股份
54398,20201231,7,2,1.0,10,0,5,10,1,3,39.0,603989.SH,艾华集团
56697,20201231,0,6,3.0,10,10,1,9,0,0,39.0,688350.SH,富淼科技
7053,20201231,0,0,0.0,10,10,0,0,9,10,39.0,002033.SZ,丽江股份
3706,20201231,0,0,0.0,10,10,0,0,9,10,39.0,000715.SZ,中兴商业
52099,20201231,0,0,5.0,0,5,3,10,6,10,39.0,603682.SH,锦和商业
39265,20201231,3,10,1.0,10,0,0,1,9,5,39.0,600558.SH,大西洋
32914,20201231,0,0,0.0,0,10,1,10,8,10,39.0,600007.SH,中国国贸
32126,20201231,3,0,7.0,10,0,4,10,5,0,39.0,300860.SZ,锋尚文化
581,20201231,0,5,5.0,10,0,0,0,10,9,39.0,000055.SZ,方大集团
40107,20201231,10,10,0.0,0,4,1,0,4,10,39.0,600621.SH,华鑫股份
39830,20201231,0,5,9.0,10,10,1,4,0,0,39.0,600600.SH,青岛啤酒
40408,20201231,10,0,9.0,10,0,0,0,0,10,39.0,600647.SH,同达创业
52440,20201231,0,0,0.0,10,10,0,0,9,10,39.0,603717.SH,天域生态
17462,20201231,8,5,0.0,10,0,6,10,0,0,39.0,002777.SZ,久远银海
15873,20201231,0,0,0.0,10,10,0,1,8,10,39.0,002658.SZ,雪迪龙
17776,20201231,0,4,7.0,10,0,8,10,0,0,39.0,002801.SZ,微光股份
50299,20201231,0,0,1.0,10,2,0,7,9,10,39.0,603367.SH,辰欣药业
50314,20201231,0,0,7.0,10,0,5,6,8,3,39.0,603368.SH,柳药股份
31494,20201231,2,3,1.0,10,7,0,6,0,10,39.0,300797.SZ,钢研纳克
48055,20201231,0,1,9.0,10,9,0,4,6,0,39.0,603066.SH,音飞储存
33571,20201231,9,0,0.0,10,0,0,0,10,10,39.0,600067.SH,冠城大通
37834,20201231,0,0,5.0,10,0,1,4,9,10,39.0,600422.SH,昆药集团
55105,20201231,3,0,5.0,10,0,6,10,5,0,39.0,605399.SH,晨光新材
14761,20201231,0,10,1.0,10,10,0,0,8,0,39.0,002580.SZ,圣阳股份
10733,20201231,0,0,9.0,10,10,0,0,0,10,39.0,002294.SZ,信立泰
33556,20201231,0,0,3.0,10,10,0,0,6,10,39.0,600066.SH,宇通客车
17920,20201231,10,7,0.0,10,0,4,8,0,0,39.0,002812.SZ,恩捷股份
37169,20201231,0,10,7.0,10,4,0,2,3,3,39.0,600363.SH,联创光电
55613,20201231,10,0,5.0,10,0,0,0,4,10,39.0,688077.SH,大地熊
32001,20201231,10,0,7.0,0,10,0,1,0,10,38.0,300846.SZ,首都在线
5009,20201231,0,0,7.0,10,10,0,0,1,10,38.0,000856.SZ,冀东装备
14516,20201231,0,0,0.0,10,10,0,2,6,10,38.0,002563.SZ,森马服饰
56200,20201231,2,8,1.0,10,0,4,10,1,2,38.0,688189.SH,南新制药
6364,20201231,0,10,0.0,0,0,10,0,8,10,38.0,000987.SZ,越秀金控
43032,20201231,2,0,5.0,10,10,1,0,9,1,38.0,600853.SH,龙建股份
49533,20201231,8,0,1.0,10,0,0,0,9,10,38.0,603278.SH,大业股份
14087,20201231,10,1,5.0,10,0,0,1,9,2,38.0,002533.SZ,金杯电工
26922,20201231,0,10,10.0,10,4,0,3,1,0,38.0,300458.SZ,全志科技
23226,20201231,0,0,9.0,10,0,0,0,9,10,38.0,300194.SZ,福安药业
44605,20201231,2,0,7.0,10,10,0,0,8,1,38.0,601016.SH,节能风电
23412,20201231,10,5,0.0,10,0,3,0,0,10,38.0,300207.SZ,欣旺达
332,20201231,0,0,5.0,10,0,0,5,8,10,38.0,000029.SZ,深深房A
36826,20201231,0,0,5.0,10,0,2,3,8,10,38.0,600332.SH,白云山
23558,20201231,0,0,1.0,10,10,0,0,7,10,38.0,300218.SZ,安利股份
12611,20201231,0,10,5.0,10,4,0,0,9,0,38.0,002426.SZ,*ST胜利
9957,20201231,0,0,9.0,3,10,0,0,6,10,38.0,002238.SZ,天威视讯
12093,20201231,0,0,3.0,10,10,0,0,5,10,38.0,002390.SZ,信邦制药
43684,20201231,10,4,0.0,0,0,5,0,9,10,38.0,600901.SH,江苏租赁
51335,20201231,0,0,10.0,10,0,0,0,8,10,38.0,603590.SH,康辰药业
25042,20201231,1,0,7.0,10,10,0,0,0,10,38.0,300322.SZ,硕贝德
50061,20201231,8,0,3.0,10,0,0,3,4,10,38.0,603336.SH,宏辉果蔬
43894,20201231,10,0,0.0,0,10,0,0,9,9,38.0,600958.SH,东方证券
14950,20201231,6,0,3.0,10,0,0,0,9,10,38.0,002593.SZ,日上集团
33339,20201231,0,3,5.0,10,10,0,0,10,0,38.0,600050.SH,中国联通
2118,20201231,0,0,1.0,10,10,0,0,7,10,38.0,000559.SZ,万向钱潮
46573,20201231,0,0,7.0,10,5,0,1,8,7,38.0,601808.SH,中海油服
57108,20201231,1,5,5.0,10,0,0,10,7,0,38.0,688550.SH,瑞联新材
52128,20201231,0,0,5.0,10,0,0,5,8,10,38.0,603685.SH,晨丰科技
31731,20201231,0,0,5.0,10,0,3,10,0,10,38.0,300820.SZ,英杰电气
16921,20201231,10,10,0.0,0,1,0,0,8,9,38.0,002736.SZ,国信证券
33208,20201231,10,6,0.0,0,10,0,0,7,5,38.0,600030.SH,中信证券
55563,20201231,0,0,9.0,10,4,0,1,4,10,38.0,688065.SH,凯赛生物
27513,20201231,10,10,3.0,10,0,0,2,3,0,38.0,300499.SZ,高澜股份
30667,20201231,8,0,1.0,10,4,0,5,0,10,38.0,300727.SZ,润禾材料
48277,20201231,0,0,3.0,10,10,0,0,5,10,38.0,603090.SH,宏盛股份
47297,20201231,0,0,3.0,10,6,0,0,9,10,38.0,601996.SH,丰林集团
36554,20201231,0,10,7.0,1,0,2,0,8,10,38.0,600310.SH,桂东电力
57070,20201231,7,10,1.0,10,10,0,0,0,0,38.0,688521.SH,芯原股份-U
56981,20201231,0,0,0.0,10,10,1,7,0,10,38.0,688505.SH,复旦张江
28686,20201231,0,0,7.0,10,3,0,5,3,10,38.0,300584.SZ,海辰药业
18021,20201231,0,0,0.0,10,10,0,0,8,10,38.0,002820.SZ,桂发祥
57224,20201231,0,6,3.0,10,6,0,7,6,0,38.0,688571.SH,杭华股份
45394,20201231,2,0,7.0,10,10,0,0,9,0,38.0,601228.SH,广州港
20021,20201231,0,0,5.0,9,0,3,10,0,10,37.0,002977.SZ,天箭科技
12165,20201231,0,10,5.0,10,10,0,0,2,0,37.0,002395.SZ,双象股份
47599,20201231,2,10,3.0,10,10,0,1,1,0,37.0,603019.SH,中科曙光
54955,20201231,6,0,1.0,10,0,10,10,0,0,37.0,605298.SH,必得科技
8880,20201231,0,9,0.0,10,10,0,0,4,4,37.0,002162.SZ,悦心健康
46447,20201231,0,0,7.0,10,0,0,0,10,10,37.0,601766.SH,中国中车
53961,20201231,0,0,0.0,10,10,0,0,7,10,37.0,603929.SH,亚翔集成
7696,20201231,0,0,7.0,10,7,0,0,3,10,37.0,002079.SZ,苏州固锝
13929,20201231,0,4,3.0,10,10,0,0,10,0,37.0,002521.SZ,齐峰新材
3590,20201231,1,0,5.0,10,2,0,0,9,10,37.0,000705.SZ,浙江震元
9869,20201231,0,10,7.0,5,0,0,2,3,10,37.0,002232.SZ,启明信息
45538,20201231,0,0,0.0,0,10,10,0,7,10,37.0,601318.SH,中国平安
15542,20201231,0,10,7.0,10,0,0,3,7,0,37.0,002635.SZ,安洁科技
8416,20201231,8,2,5.0,10,10,0,0,2,0,37.0,002129.SZ,中环股份
46432,20201231,3,0,5.0,10,0,0,0,9,10,37.0,601727.SH,上海电气
39496,20201231,0,10,10.0,0,10,0,0,7,0,37.0,600576.SH,祥源文化
41291,20201231,0,0,0.0,10,10,0,0,7,10,37.0,600719.SH,大连热电
1478,20201231,10,2,3.0,10,0,0,1,6,5,37.0,000505.SZ,京粮控股
40468,20201231,0,10,0.0,10,0,10,2,5,0,37.0,600651.SH,*ST飞乐
34087,20201231,10,10,0.0,0,0,0,0,7,10,37.0,600109.SH,国金证券
42874,20201231,10,0,0.0,10,0,0,0,7,10,37.0,600838.SH,上海九百
40349,20201231,0,0,5.0,10,10,0,2,10,0,37.0,600642.SH,申能股份
32740,20201231,0,0,7.0,10,0,10,10,0,0,37.0,300946.SZ,恒而达
28829,20201231,6,0,9.0,10,0,0,6,6,0,37.0,300594.SZ,朗进科技
37996,20201231,0,0,7.0,10,10,0,0,7,3,37.0,600444.SH,国机通用
25899,20201231,10,0,0.0,10,0,0,0,7,10,37.0,300385.SZ,雪浪环境
37775,20201231,0,0,9.0,10,0,0,0,8,10,37.0,600418.SH,江淮汽车
40526,20201231,0,0,5.0,10,0,1,1,10,10,37.0,600655.SH,豫园股份
36234,20201231,10,2,5.0,10,0,0,0,10,0,37.0,600284.SH,浦东建设
27657,20201231,0,10,3.0,10,10,0,0,4,0,37.0,300509.SZ,新美星
57473,20201231,0,0,7.0,10,0,10,10,0,0,37.0,688662.SH,富信科技
36334,20201231,0,0,7.0,10,0,0,0,10,10,37.0,600292.SH,远达环保
25455,20201231,0,10,9.0,10,0,0,0,8,0,37.0,300351.SZ,永贵电器
28073,20201231,0,10,3.0,10,10,0,0,4,0,37.0,300539.SZ,横河模具
4026,20201231,10,10,0.0,0,0,0,0,8,8,36.0,000750.SZ,国海证券
33296,20201231,10,7,7.0,10,0,0,0,2,0,36.0,600038.SH,中直股份
52495,20201231,2,10,3.0,10,3,0,6,2,0,36.0,603722.SH,阿科力
46380,20201231,0,10,5.0,10,0,0,4,7,0,36.0,601700.SH,风范股份
45714,20201231,10,10,0.0,0,10,0,0,6,0,36.0,601375.SH,中原证券
33586,20201231,0,0,5.0,10,1,0,0,10,10,36.0,600068.SH,葛洲坝
5644,20201231,0,0,7.0,10,10,0,0,9,0,36.0,000919.SZ,金陵药业
887,20201231,0,0,10.0,10,0,0,0,6,10,36.0,000151.SZ,中成股份
8488,20201231,4,0,9.0,10,10,0,0,0,3,36.0,002134.SZ,天津普林
41203,20201231,2,9,5.0,10,0,0,0,10,0,36.0,600713.SH,南京医药
47164,20201231,0,0,1.0,10,10,0,0,5,10,36.0,601969.SH,海南矿业
53999,20201231,0,8,7.0,10,0,0,3,8,0,36.0,603936.SH,博敏电子
25013,20201231,0,0,1.0,10,0,1,7,7,10,36.0,300320.SZ,海达股份
9854,20201231,0,0,1.0,10,10,0,0,5,10,36.0,002231.SZ,奥维通信
14487,20201231,0,0,7.0,10,0,0,0,9,10,36.0,002561.SZ,徐家汇
73,20201231,0,0,3.0,10,0,2,6,10,5,36.0,000006.SZ,深振业A
43699,20201231,0,1,5.0,10,10,0,0,0,10,36.0,600903.SH,贵州燃气
32452,20201231,0,0,5.0,10,0,1,10,0,10,36.0,300902.SZ,国安达
48908,20201231,10,10,5.0,10,0,0,1,0,0,36.0,603179.SH,新泉股份
54795,20201231,0,0,3.0,10,6,1,10,6,0,36.0,605169.SH,洪通燃气
5080,20201231,0,0,7.0,10,10,0,0,9,0,36.0,000862.SZ,银星能源
38185,20201231,5,0,3.0,10,0,7,0,10,1,36.0,600466.SH,蓝光发展
1305,20201231,10,10,0.0,10,0,0,0,6,0,36.0,000423.SZ,东阿阿胶
44156,20201231,5,0,5.0,10,0,0,2,4,10,36.0,600980.SH,北矿科技
31506,20201231,0,0,3.0,10,10,0,0,3,10,36.0,300798.SZ,锦鸡股份
38084,20201231,0,10,7.0,10,5,0,4,0,0,36.0,600456.SH,宝钛股份
40034,20201231,0,0,3.0,10,10,0,0,3,10,36.0,600616.SH,金枫酒业
44053,20201231,0,0,5.0,10,0,1,0,10,10,36.0,600970.SH,中材国际
38861,20201231,0,10,5.0,10,4,0,1,6,0,36.0,600523.SH,贵航股份
14015,20201231,5,1,0.0,10,10,0,0,10,0,36.0,002528.SZ,英飞拓
37922,20201231,0,0,7.0,10,10,0,2,7,0,36.0,600433.SH,冠豪高新
36626,20201231,10,10,5.0,10,0,0,0,0,0,35.0,600316.SH,洪都航空
10030,20201231,0,0,3.0,10,0,1,5,6,10,35.0,002243.SZ,力合科创
13128,20201231,0,0,5.0,10,0,10,10,0,0,35.0,002463.SZ,沪电股份
19856,20201231,10,10,0.0,0,10,3,0,0,2,35.0,002961.SZ,瑞达期货
46667,20201231,0,0,5.0,10,0,0,0,10,10,35.0,601857.SH,中国石油
28058,20201231,10,0,5.0,10,0,0,0,0,10,35.0,300538.SZ,同益股份
51002,20201231,0,10,5.0,10,0,0,7,3,0,35.0,603535.SH,嘉诚国际
19021,20201231,0,0,7.0,10,9,0,1,8,0,35.0,002895.SZ,川恒股份
51877,20201231,5,0,1.0,10,2,1,6,0,10,35.0,603659.SH,璞泰来
18618,20201231,0,0,0.0,10,10,0,0,6,9,35.0,002865.SZ,钧达股份
40379,20201231,0,0,7.0,10,10,0,0,8,0,35.0,600644.SH,乐山电力
12712,20201231,0,0,5.0,10,0,0,0,10,10,35.0,002433.SZ,太安堂
14718,20201231,0,10,10.0,10,0,0,0,5,0,35.0,002577.SZ,雷柏科技
41262,20201231,0,0,5.0,10,10,0,0,10,0,35.0,600717.SH,天津港
32817,20201231,0,0,5.0,8,2,10,10,0,0,35.0,300960.SZ,通业科技
2045,20201231,0,0,5.0,10,10,0,0,10,0,35.0,000553.SZ,安道麦A
41103,20201231,0,0,10.0,10,0,0,0,9,6,35.0,600705.SH,中航资本
38128,20201231,10,10,5.0,10,0,0,0,0,0,35.0,600460.SH,士兰微
37790,20201231,4,0,0.0,10,9,1,5,6,0,35.0,600419.SH,天润乳业
55546,20201231,0,0,5.0,10,0,3,10,0,7,35.0,688060.SH,云涌科技
27585,20201231,0,0,9.0,10,0,0,0,6,10,35.0,300504.SZ,天邑股份
11106,20201231,0,0,9.0,10,10,0,2,4,0,35.0,002320.SZ,海峡股份
41655,20201231,0,10,3.0,10,0,0,0,8,4,35.0,600744.SH,华银电力
46032,20201231,5,0,0.0,0,10,2,0,8,10,35.0,601601.SH,中国太保
20524,20201231,10,0,9.0,10,0,1,5,0,0,35.0,003042.SZ,中农联合
3996,20201231,8,10,5.0,10,0,0,0,2,0,35.0,000738.SZ,航发控制
22300,20201231,0,0,5.0,10,7,2,10,1,0,35.0,300127.SZ,银河磁体
42830,20201231,0,0,7.0,10,0,0,0,8,10,35.0,600835.SH,上海机电
42743,20201231,0,0,1.0,10,4,0,0,10,10,35.0,600828.SH,茂业商业
35711,20201231,10,10,5.0,10,0,0,0,0,0,35.0,600238.SH,ST椰岛
44720,20201231,10,10,0.0,0,0,5,0,0,10,35.0,601066.SH,中信建投
43290,20201231,0,0,5.0,10,10,0,0,0,10,35.0,600871.SH,石化油服
5834,20201231,2,0,7.0,10,10,0,0,6,0,35.0,000933.SZ,神火股份
42440,20201231,10,0,5.0,10,0,0,0,10,0,35.0,600805.SH,悦达投资
25956,20201231,0,0,9.0,10,10,0,0,6,0,35.0,300389.SZ,艾比森
44404,20201231,10,9,0.0,0,0,0,0,7,9,35.0,600999.SH,招商证券
43395,20201231,0,0,7.0,10,0,0,0,8,10,35.0,600879.SH,航天电子
56099,20201231,0,0,3.0,10,0,5,10,7,0,35.0,688178.SH,万德斯
4143,20201231,0,3,3.0,10,10,0,0,9,0,35.0,000759.SZ,中百集团
9081,20201231,0,10,3.0,10,10,0,0,2,0,35.0,002176.SZ,*ST江特
3518,20201231,0,10,1.0,10,0,0,4,10,0,35.0,000698.SZ,沈阳化工
4403,20201231,0,0,3.0,10,10,0,1,10,0,34.0,000791.SZ,甘肃电投
41438,20201231,0,0,10.0,2,4,6,4,8,0,34.0,600729.SH,重庆百货
27642,20201231,4,0,0.0,10,5,0,2,3,10,34.0,300508.SZ,维宏股份
56673,20201231,0,0,10.0,10,0,0,0,4,10,34.0,688336.SH,三生国健
35871,20201231,0,10,9.0,9,0,0,0,6,0,34.0,600255.SH,鑫科材料
10848,20201231,0,10,5.0,10,0,0,0,9,0,34.0,002302.SZ,西部建设
46176,20201231,6,0,0.0,0,10,2,0,6,10,34.0,601628.SH,中国人寿
34217,20201231,3,3,7.0,10,1,0,0,0,10,34.0,600118.SH,中国卫星
21460,20201231,0,0,3.0,10,0,1,10,6,4,34.0,300066.SZ,三川智慧
36611,20201231,0,0,1.0,10,10,0,0,3,10,34.0,600315.SH,上海家化
47045,20201231,2,0,0.0,0,10,2,0,10,10,34.0,601939.SH,建设银行
45465,20201231,1,0,5.0,10,0,0,0,8,10,34.0,601238.SH,广汽集团
34660,20201231,0,10,7.0,10,0,0,0,7,0,34.0,600156.SH,华升股份
8245,20201231,0,0,3.0,10,0,0,6,5,10,34.0,002117.SZ,东港股份
49296,20201231,0,2,1.0,10,2,0,2,7,10,34.0,603227.SH,雪峰科技
44243,20201231,0,10,5.0,10,0,0,0,9,0,34.0,600986.SH,浙文互联
31924,20201231,0,0,1.0,10,0,1,8,4,10,34.0,300838.SZ,浙江力诺
8953,20201231,10,10,0.0,10,0,0,0,4,0,34.0,002167.SZ,东方锆业
799,20201231,0,0,5.0,10,0,0,0,9,10,34.0,000089.SZ,深圳机场
8230,20201231,0,0,7.0,10,10,0,0,7,0,34.0,002116.SZ,中国海诚
35250,20201231,0,0,7.0,10,0,0,0,7,10,34.0,600202.SH,哈空调
507,20201231,0,10,5.0,10,0,0,0,9,0,34.0,000045.SZ,深纺织A
54715,20201231,0,0,5.0,9,0,10,10,0,0,34.0,605122.SH,四方新材
31600,20201231,0,0,0.0,10,10,0,0,3,10,33.0,300807.SZ,天迈科技
13504,20201231,0,10,5.0,10,0,0,0,8,0,33.0,002490.SZ,山东墨龙
31890,20201231,0,0,3.0,10,1,0,7,2,10,33.0,300835.SZ,龙磁科技
39294,20201231,0,10,7.0,10,0,0,0,6,0,33.0,600560.SH,金自天正
55213,20201231,0,0,5.0,10,0,0,0,8,10,33.0,688009.SH,中国通号
1463,20201231,10,2,0.0,10,0,10,1,0,0,33.0,000504.SZ,ST生物
34332,20201231,10,10,3.0,10,0,0,0,0,0,33.0,600127.SH,金健米业
50973,20201231,0,4,7.0,10,0,2,10,0,0,33.0,603530.SH,神马电力
30592,20201231,3,7,1.0,10,1,1,10,0,0,33.0,300722.SZ,新余国科
32143,20201231,0,0,0.0,10,0,1,7,5,10,33.0,300862.SZ,蓝盾光电
24673,20201231,0,0,5.0,10,0,0,0,8,10,33.0,300296.SZ,利亚德
49214,20201231,8,0,0.0,10,0,0,0,5,10,33.0,603220.SH,中贝通信
26309,20201231,6,0,5.0,10,0,0,0,2,10,33.0,300414.SZ,中光防雷
3403,20201231,0,10,0.0,0,10,0,0,9,4,33.0,000686.SZ,东北证券
17718,20201231,10,10,0.0,0,0,0,0,5,8,33.0,002797.SZ,第一创业
13158,20201231,6,0,1.0,10,10,0,0,6,0,33.0,002465.SZ,海格通信
55095,20201231,0,0,3.0,10,0,10,10,0,0,33.0,605398.SH,新炬网络
2147,20201231,0,8,0.0,10,0,0,0,5,10,33.0,000561.SZ,烽火电子
32944,20201231,0,0,5.0,10,8,0,0,0,10,33.0,600009.SH,上海机场
20349,20201231,0,3,5.0,10,1,1,10,3,0,33.0,003015.SZ,日久光电
52171,20201231,0,3,5.0,10,0,1,10,1,3,33.0,603688.SH,石英股份
55984,20201231,10,0,1.0,10,0,0,2,0,10,33.0,688155.SH,先惠技术
36783,20201231,0,0,3.0,10,4,2,8,6,0,33.0,600329.SH,中新药业
46738,20201231,1,0,5.0,10,0,0,0,7,10,33.0,601869.SH,长飞光纤
9284,20201231,0,0,1.0,10,10,0,0,2,10,33.0,002190.SZ,成飞集成
4432,20201231,0,0,0.0,10,7,0,0,6,10,33.0,000795.SZ,英洛华
28614,20201231,3,0,0.0,10,0,4,6,0,10,33.0,300579.SZ,数字认证
828,20201231,0,0,5.0,10,0,0,0,8,10,33.0,000096.SZ,广聚能源
56773,20201231,0,0,0.0,10,8,0,0,5,10,33.0,688366.SH,昊海生科
42700,20201231,0,0,5.0,10,0,0,0,8,10,33.0,600825.SH,新华传媒
45197,20201231,5,1,5.0,10,0,0,0,10,2,33.0,601186.SH,中国铁建
987,20201231,10,10,0.0,0,0,0,0,9,4,33.0,000166.SZ,申万宏源
47091,20201231,0,0,5.0,10,0,0,0,8,10,33.0,601958.SH,金钼股份
8503,20201231,0,4,5.0,10,0,0,0,9,5,33.0,002135.SZ,东南网架
20236,20201231,0,0,3.0,4,1,4,10,0,10,32.0,003000.SZ,华文食品
23673,20201231,0,10,5.0,10,0,7,0,0,0,32.0,300226.SZ,上海钢联
13083,20201231,0,10,7.0,10,0,1,4,0,0,32.0,002460.SZ,赣锋锂业
49159,20201231,0,0,3.0,10,0,2,7,0,10,32.0,603212.SH,赛伍技术
32245,20201231,0,3,3.0,10,0,6,10,0,0,32.0,300876.SZ,蒙泰高新
38659,20201231,0,6,5.0,10,0,0,1,10,0,32.0,600508.SH,上海能源
42063,20201231,6,0,5.0,10,0,0,0,1,10,32.0,600776.SH,东方通信
13053,20201231,0,0,9.0,9,0,0,0,4,10,32.0,002458.SZ,益生股份
55965,20201231,0,2,7.0,10,10,0,3,0,0,32.0,688138.SH,清溢光电
56293,20201231,0,0,10.0,10,0,0,0,2,10,32.0,688215.SH,瑞晟智能
32261,20201231,0,0,3.0,10,0,4,10,5,0,32.0,300878.SZ,维康药业
56806,20201231,0,0,9.0,10,4,0,3,6,0,32.0,688377.SH,迪威尔
35367,20201231,1,10,7.0,10,0,0,4,0,0,32.0,600212.SH,江泉实业
1234,20201231,0,0,10.0,2,0,0,0,10,10,32.0,000417.SZ,合肥百货
40599,20201231,0,0,7.0,10,10,0,0,5,0,32.0,600662.SH,强生控股
46612,20201231,2,0,0.0,0,10,0,0,10,10,32.0,601818.SH,光大银行
1147,20201231,0,10,5.0,10,0,4,2,1,0,32.0,000409.SZ,ST地矿
40889,20201231,0,0,3.0,10,10,0,0,9,0,32.0,600688.SH,上海石化
42758,20201231,0,0,5.0,10,0,0,0,7,10,32.0,600829.SH,人民同泰
43163,20201231,10,0,7.0,10,0,0,5,0,0,32.0,600862.SH,中航高科
48070,20201231,0,0,3.0,10,0,1,10,8,0,32.0,603067.SH,振华股份
32467,20201231,0,0,5.0,10,0,3,10,4,0,32.0,300905.SZ,宝丽迪
39905,20201231,0,10,0.0,0,0,0,5,7,10,32.0,600605.SH,汇通能源
50747,20201231,10,0,0.0,10,0,0,0,2,10,32.0,603496.SH,恒为科技
28499,20201231,0,0,7.0,10,0,0,0,5,10,32.0,300570.SZ,太辰光
12525,20201231,0,0,5.0,10,0,2,0,5,10,32.0,002420.SZ,毅昌股份
55813,20201231,2,0,0.0,10,10,1,9,0,0,32.0,688106.SH,金宏气体
25800,20201231,0,3,0.0,10,5,0,4,0,10,32.0,300378.SZ,鼎捷软件
44316,20201231,0,0,3.0,10,10,0,0,9,0,32.0,600992.SH,贵绳股份
28259,20201231,0,0,10.0,10,0,0,0,2,10,32.0,300553.SZ,集智股份
35004,20201231,2,0,3.0,10,0,0,0,6,10,31.0,600184.SH,光电股份
8736,20201231,0,0,3.0,10,0,0,2,6,10,31.0,002152.SZ,广电运通
5441,20201231,0,0,3.0,10,0,0,0,8,10,31.0,000901.SZ,航天科技
8606,20201231,10,0,0.0,0,10,4,0,7,0,31.0,002142.SZ,宁波银行
50343,20201231,0,0,0.0,10,10,0,1,0,10,31.0,603377.SH,东方时尚
10905,20201231,10,10,0.0,10,1,0,0,0,0,31.0,002306.SZ,ST云网
39860,20201231,0,0,3.0,10,0,0,0,8,10,31.0,600602.SH,云赛智联
49919,20201231,1,0,1.0,10,0,9,10,0,0,31.0,603324.SH,盛剑环境
14631,20201231,0,0,5.0,10,10,0,0,6,0,31.0,002571.SZ,德力股份
48139,20201231,10,10,0.0,10,0,0,0,1,0,31.0,603078.SH,江化微
44765,20201231,1,0,0.0,0,10,0,0,10,10,31.0,601077.SH,渝农商行
2015,20201231,0,0,3.0,10,10,0,0,8,0,31.0,000551.SZ,创元科技
45583,20201231,1,0,0.0,0,10,0,0,10,10,31.0,601328.SH,交通银行
27282,20201231,0,0,0.0,10,10,0,1,8,2,31.0,300483.SZ,首华燃气
46782,20201231,10,10,0.0,0,0,0,0,5,6,31.0,601878.SH,浙商证券
56088,20201231,10,10,0.0,10,1,0,0,0,0,31.0,688177.SH,百奥泰-U
45775,20201231,0,0,0.0,0,10,1,0,10,10,31.0,601398.SH,工商银行
3561,20201231,0,10,5.0,10,0,0,1,5,0,31.0,000702.SZ,正虹科技
13245,20201231,0,10,5.0,10,0,0,0,6,0,31.0,002471.SZ,中超控股
4114,20201231,0,0,3.0,10,0,0,0,8,10,31.0,000757.SZ,浩物股份
46220,20201231,0,0,0.0,0,10,1,0,10,10,31.0,601658.SH,邮储银行
53875,20201231,1,7,0.0,10,0,2,10,0,0,30.0,603919.SH,金徽酒
9255,20201231,0,10,0.0,10,0,0,0,0,10,30.0,002188.SZ,*ST巴士
46958,20201231,0,0,0.0,0,10,0,0,10,10,30.0,601916.SH,浙商银行
32829,20201231,0,0,0.0,10,10,0,10,0,0,30.0,300962.SZ,中金辐照
42556,20201231,0,10,5.0,10,0,0,0,5,0,30.0,600815.SH,*ST厦工
36436,20201231,4,10,5.0,0,10,0,0,1,0,30.0,600301.SH,ST南化
45450,20201231,10,10,0.0,0,0,0,0,0,10,30.0,601236.SH,红塔证券
32870,20201231,0,0,0.0,0,10,0,0,10,10,30.0,600000.SH,浦发银行
9313,20201231,10,10,0.0,10,0,0,0,0,0,30.0,002192.SZ,融捷股份
41568,20201231,0,0,5.0,10,0,0,0,5,10,30.0,600738.SH,丽尚国潮
17733,20201231,0,0,0.0,10,0,4,8,8,0,30.0,002798.SZ,帝欧家居
36001,20201231,0,0,0.0,10,0,0,0,10,10,30.0,600266.SH,城建发展
22271,20201231,10,0,0.0,10,0,0,0,0,10,30.0,300125.SZ,聆达股份
1564,20201231,0,0,0.0,10,0,0,0,10,10,30.0,000514.SZ,渝开发
26907,20201231,10,0,7.0,10,0,0,0,3,0,30.0,300457.SZ,赢合科技
45958,20201231,0,0,0.0,10,0,0,0,10,10,30.0,601588.SH,北辰实业
50608,20201231,0,0,0.0,10,10,0,0,0,10,30.0,603429.SH,集友股份
14531,20201231,0,0,1.0,10,9,0,0,10,0,30.0,002564.SZ,天沃科技
189,20201231,0,10,1.0,10,0,0,0,8,1,30.0,000016.SZ,深康佳A
50485,20201231,0,0,3.0,10,0,0,0,7,10,30.0,603390.SH,通达电气
31388,20201231,10,0,5.0,10,0,0,4,1,0,30.0,300787.SZ,海能实业
35595,20201231,0,10,0.0,10,0,0,0,10,0,30.0,600230.SH,沧州大化
47901,20201231,0,0,3.0,10,0,0,0,7,10,30.0,603042.SH,华脉科技
7023,20201231,10,0,1.0,10,0,0,0,9,0,30.0,002031.SZ,巨轮智能
1391,20201231,0,0,0.0,10,10,0,0,10,0,30.0,000488.SZ,晨鸣纸业
6835,20201231,0,0,5.0,10,0,0,0,5,10,30.0,002017.SZ,东信和平
31742,20201231,0,0,0.0,10,0,0,6,4,10,30.0,300821.SZ,东岳硅材
54856,20201231,0,0,3.0,10,10,0,4,3,0,30.0,605198.SH,德利股份
7596,20201231,10,0,10.0,0,0,0,0,0,10,30.0,002072.SZ,*ST凯瑞
43539,20201231,0,10,0.0,10,0,0,0,10,0,30.0,600889.SH,南京化纤
43554,20201231,0,0,0.0,10,10,0,0,0,10,30.0,600890.SH,*ST中房
35812,20201231,0,10,1.0,10,0,0,0,9,0,30.0,600249.SH,两面针
32320,20201231,0,0,10.0,10,0,0,10,0,0,30.0,300886.SZ,华业香料
54644,20201231,0,0,1.0,10,0,8,10,0,0,29.0,605081.SH,太和水
2503,20201231,0,0,1.0,10,10,0,0,8,0,29.0,000597.SZ,东北制药
45553,20201231,0,0,0.0,0,10,0,0,9,10,29.0,601319.SH,中国人保
7352,20201231,0,0,1.0,10,10,0,0,8,0,29.0,002054.SZ,德美化工
8692,20201231,0,0,7.0,10,0,0,0,2,10,29.0,002149.SZ,西部材料
21245,20201231,0,10,0.0,10,0,0,0,9,0,29.0,300050.SZ,世纪鼎利
45126,20201231,7,0,0.0,0,0,2,0,10,10,29.0,601166.SH,兴业银行
21986,20201231,0,0,0.0,10,0,0,0,9,10,29.0,300105.SZ,龙源技术
57526,20201231,5,0,1.0,10,0,1,4,8,0,29.0,688679.SH,通源环境
6219,20201231,0,0,1.0,10,10,0,0,8,0,29.0,000973.SZ,佛塑科技
6379,20201231,7,0,7.0,10,0,0,1,4,0,29.0,000988.SZ,华工科技
47843,20201231,0,0,0.0,10,0,0,0,9,10,29.0,603038.SH,华立股份
47814,20201231,0,0,9.0,10,0,0,2,8,0,29.0,603036.SH,如通股份
56849,20201231,0,0,5.0,10,0,0,4,0,10,29.0,688388.SH,嘉元科技
57306,20201231,0,0,9.0,10,0,0,0,0,10,29.0,688589.SH,力合微
40092,20201231,0,10,10.0,0,0,0,0,8,1,29.0,600620.SH,天宸股份
11531,20201231,0,0,1.0,10,0,0,0,8,10,29.0,002350.SZ,北京科锐
57385,20201231,0,3,5.0,7,1,7,6,0,0,29.0,688609.SH,九联科技
4865,20201231,0,0,9.0,10,0,0,0,10,0,29.0,000833.SZ,粤桂股份
51452,20201231,0,10,1.0,10,0,0,0,7,0,28.0,603603.SH,博天环境
43090,20201231,0,0,5.0,10,0,0,0,3,10,28.0,600857.SH,宁波中百
47729,20201231,0,0,0.0,10,0,0,0,8,10,28.0,603029.SH,天鹅股份
17302,20201231,4,0,3.0,10,0,0,0,1,10,28.0,002766.SZ,ST索菱
40629,20201231,0,0,10.0,10,0,0,0,8,0,28.0,600664.SH,哈药股份
32823,20201231,0,0,7.0,10,0,4,7,0,0,28.0,300961.SZ,深水海纳
4750,20201231,0,0,7.0,10,1,0,0,10,0,28.0,000822.SZ,山东海化
35624,20201231,0,0,5.0,10,0,0,0,8,5,28.0,600232.SH,金鹰股份
37213,20201231,0,0,0.0,10,0,0,0,8,10,28.0,600367.SH,红星发展
6424,20201231,0,0,10.0,10,0,0,0,8,0,28.0,000993.SZ,闽东电力
27383,20201231,0,0,0.0,10,0,0,0,8,10,28.0,300490.SZ,华自科技
55304,20201231,5,0,1.0,10,0,0,2,0,10,28.0,688018.SH,乐鑫科技
13885,20201231,0,0,5.0,10,0,1,6,6,0,28.0,002518.SZ,科士达
56953,20201231,0,0,1.0,10,4,3,10,0,0,28.0,688468.SH,科美诊断
19783,20201231,0,0,0.0,10,0,0,0,8,10,28.0,002955.SZ,鸿合科技
41322,20201231,0,0,10.0,10,0,0,0,8,0,28.0,600721.SH,*ST百花
2375,20201231,7,10,0.0,10,0,0,1,0,0,28.0,000586.SZ,汇源通信
28585,20201231,0,0,5.0,10,0,0,0,3,10,28.0,300577.SZ,开润股份
43105,20201231,0,0,10.0,8,0,0,0,10,0,28.0,600858.SH,银座股份
11849,20201231,3,0,3.0,10,0,0,4,6,1,27.0,002373.SZ,千方科技
12297,20201231,0,0,5.0,10,0,1,5,6,0,27.0,002404.SZ,嘉欣丝绸
12078,20201231,0,2,5.0,10,10,0,0,0,0,27.0,002389.SZ,航天彩虹
39948,20201231,0,0,7.0,10,0,0,0,0,10,27.0,600609.SH,金杯汽车
39670,20201231,0,0,0.0,10,0,3,4,0,10,27.0,600588.SH,用友网络
47282,20201231,10,10,0.0,0,0,2,0,0,5,27.0,601995.SH,中金公司
43003,20201231,0,0,3.0,10,0,2,0,2,10,27.0,600850.SH,华东电脑
53792,20201231,0,0,1.0,10,0,0,0,6,10,27.0,603909.SH,合诚股份
32758,20201231,0,0,7.0,0,0,10,10,0,0,27.0,300949.SZ,奥雅设计
43466,20201231,0,0,1.0,10,0,0,0,6,10,27.0,600884.SH,杉杉股份
53324,20201231,0,0,0.0,10,0,0,0,7,10,27.0,603860.SH,中公高科
51893,20201231,0,0,0.0,10,10,0,0,7,0,27.0,603660.SH,苏州科达
640,20201231,9,0,7.0,0,0,0,2,9,0,27.0,000060.SZ,中金岭南
34574,20201231,0,7,1.0,10,0,0,5,0,3,26.0,600149.SH,ST坊展
14273,20201231,0,1,3.0,10,0,0,2,10,0,26.0,002546.SZ,新联电子
4387,20201231,0,0,1.0,10,0,0,0,5,10,26.0,000790.SZ,华神科技
45024,20201231,0,0,5.0,10,0,0,3,8,0,26.0,601137.SH,博威合金
44735,20201231,0,0,7.0,10,0,0,0,9,0,26.0,601068.SH,中铝国际
25071,20201231,0,0,7.0,10,0,0,0,9,0,26.0,300324.SZ,旋极信息
41218,20201231,0,10,0.0,10,0,0,0,6,0,26.0,600714.SH,金瑞矿业
18662,20201231,0,0,0.0,10,10,0,0,6,0,26.0,002868.SZ,绿康生化
9584,20201231,0,10,1.0,7,0,0,4,4,0,26.0,002211.SZ,宏达新材
13098,20201231,0,5,5.0,0,10,0,0,6,0,26.0,002461.SZ,珠江啤酒
20373,20201231,0,0,1.0,10,0,0,9,6,0,26.0,003018.SZ,金富科技
55654,20201231,0,0,0.0,10,0,0,0,5,10,25.0,688081.SH,兴图新科
2103,20201231,0,0,0.0,10,0,0,0,5,10,25.0,000558.SZ,莱茵体育
56320,20201231,10,0,0.0,10,0,0,0,5,0,25.0,688221.SH,前沿生物-U
624,20201231,0,0,5.0,10,0,0,0,10,0,25.0,000059.SZ,华锦股份
14,20201231,6,0,0.0,0,0,0,0,9,10,25.0,000001.SZ,平安银行
9024,20201231,0,6,1.0,10,0,0,0,8,0,25.0,002172.SZ,澳洋健康
27022,20201231,3,0,0.0,10,0,0,0,2,10,25.0,300465.SZ,高伟达
20310,20201231,3,0,5.0,10,0,1,6,0,0,25.0,003009.SZ,中天火箭
27065,20201231,4,0,9.0,0,0,0,2,0,10,25.0,300468.SZ,四方精创
7886,20201231,0,0,5.0,10,0,0,0,10,0,25.0,002092.SZ,中泰化学
37285,20201231,0,5,5.0,10,0,0,0,3,2,25.0,600372.SH,中航电子
45613,20201231,0,0,5.0,10,0,0,0,10,0,25.0,601333.SH,广深铁路
20802,20201231,0,0,0.0,10,0,0,0,5,10,25.0,300018.SZ,中元股份
17375,20201231,0,0,0.0,10,0,0,0,5,10,25.0,002771.SZ,真视通
41698,20201231,0,0,5.0,10,0,0,0,10,0,25.0,600748.SH,上实发展
24190,20201231,0,0,10.0,5,0,0,0,10,0,25.0,300262.SZ,巴安水务
24219,20201231,0,10,5.0,10,0,0,0,0,0,25.0,300264.SZ,佳创视讯
38343,20201231,0,0,0.0,10,0,0,0,5,10,25.0,600481.SH,双良节能
43952,20201231,0,0,10.0,10,0,0,0,5,0,25.0,600962.SH,国投中鲁
15025,20201231,0,2,3.0,10,0,0,3,7,0,25.0,002598.SZ,山东章鼓
35165,20201231,1,0,7.0,10,0,1,3,2,0,24.0,600196.SH,复星医药
47076,20201231,1,0,3.0,10,10,0,0,0,0,24.0,601956.SH,东贝集团
12910,20201231,10,10,0.0,4,0,0,0,0,0,24.0,002447.SZ,*ST晨鑫
19703,20201231,5,0,0.0,0,10,0,0,9,0,24.0,002948.SZ,青岛银行
10172,20201231,0,6,0.0,10,0,0,0,7,1,24.0,002253.SZ,川大智胜
37315,20201231,0,0,5.0,10,1,0,0,8,0,24.0,600375.SH,汉马科技
34173,20201231,0,0,5.0,10,0,0,0,9,0,24.0,600115.SH,东方航空
39785,20201231,7,0,0.0,10,0,0,3,4,0,24.0,600597.SH,光明乳业
31789,20201231,0,0,1.0,10,0,0,3,0,10,24.0,300825.SZ,阿尔特
10646,20201231,0,10,3.0,10,0,0,0,1,0,24.0,002288.SZ,超华科技
57501,20201231,3,0,5.0,10,0,2,4,0,0,24.0,688676.SH,金盘科技
31987,20201231,0,0,0.0,10,0,2,10,2,0,24.0,300845.SZ,捷安高科
1219,20201231,0,0,0.0,0,10,0,0,4,10,24.0,000416.SZ,民生控股
32626,20201231,1,0,3.0,10,0,5,5,0,0,24.0,300929.SZ,华骐环保
8677,20201231,0,10,7.0,0,0,0,0,7,0,24.0,002148.SZ,北纬科技
20629,20201231,0,0,10.0,10,0,0,0,3,0,23.0,300006.SZ,莱美药业
19551,20201231,3,0,0.0,0,0,0,0,10,10,23.0,002936.SZ,郑州银行
24006,20201231,9,0,3.0,10,0,0,0,1,0,23.0,300249.SZ,依米康
27237,20201231,0,4,1.0,10,1,0,6,1,0,23.0,300480.SZ,光力科技
43584,20201231,9,0,3.0,10,0,0,0,1,0,23.0,600893.SH,航发动力
40497,20201231,0,0,5.0,10,0,0,0,8,0,23.0,600653.SH,申华控股
40759,20201231,0,0,3.0,10,0,0,0,10,0,23.0,600676.SH,交运股份
24758,20201231,0,10,0.0,10,0,0,0,3,0,23.0,300302.SZ,同有科技
54493,20201231,0,0,5.0,10,0,0,0,8,0,23.0,603997.SH,继峰股份
11935,20201231,0,0,5.0,10,0,0,0,8,0,23.0,002379.SZ,宏创控股
51436,20201231,0,0,0.0,10,10,0,0,3,0,23.0,603602.SH,纵横通信
15902,20201231,0,0,5.0,10,0,0,0,4,3,22.0,002660.SZ,茂硕电源
3793,20201231,0,10,0.0,10,0,0,0,2,0,22.0,000721.SZ,西安饮食
26606,20201231,0,5,7.0,10,0,0,0,0,0,22.0,300436.SZ,广生堂
56166,20201231,10,0,0.0,10,2,0,0,0,0,22.0,688185.SH,康希诺-U
55239,20201231,0,0,0.0,10,0,0,0,2,10,22.0,688011.SH,新光光电
1650,20201231,0,0,3.0,10,0,0,0,9,0,22.0,000521.SZ,长虹美菱
45799,20201231,10,2,0.0,0,0,0,0,0,10,22.0,601456.SH,国联证券
35322,20201231,0,0,0.0,10,10,0,0,2,0,22.0,600209.SH,*ST罗顿
32835,20201231,0,0,0.0,10,0,2,10,0,0,22.0,300963.SZ,中洲特材
28800,20201231,0,0,10.0,10,0,0,0,1,0,21.0,300592.SZ,华凯创意
32846,20201231,0,0,5.0,10,0,0,6,0,0,21.0,300966.SZ,共同药业
37759,20201231,0,10,1.0,10,0,0,0,0,0,21.0,600416.SH,湘电股份
39309,20201231,0,0,1.0,10,0,0,0,10,0,21.0,600561.SH,江西长运
2074,20201231,0,0,5.0,10,0,0,0,6,0,21.0,000555.SZ,神州信息
11777,20201231,10,0,0.0,10,0,1,0,0,0,21.0,002368.SZ,太极股份
39540,20201231,0,0,1.0,10,0,0,0,10,0,21.0,600579.SH,克劳斯
13561,20201231,0,0,1.0,10,0,0,0,10,0,21.0,002494.SZ,华斯股份
14849,20201231,0,10,1.0,0,0,0,0,10,0,21.0,002586.SZ,*ST围海
10661,20201231,0,0,1.0,10,0,0,0,0,10,21.0,002289.SZ,ST宇顺
10603,20201231,0,8,5.0,0,0,0,0,8,0,21.0,002285.SZ,世联行
10317,20201231,0,0,5.0,10,0,0,0,6,0,21.0,002265.SZ,西仪股份
56581,20201231,9,2,0.0,10,0,0,0,0,0,21.0,688316.SH,青云科技-U
27856,20201231,0,0,0.0,10,0,0,1,0,10,21.0,300523.SZ,辰安科技
18420,20201231,0,0,1.0,10,0,0,0,0,10,21.0,002850.SZ,科达利
56342,20201231,0,0,0.0,10,0,0,6,5,0,21.0,688228.SH,开普云
46462,20201231,0,10,10.0,1,0,0,0,0,0,21.0,601777.SH,ST力帆
56134,20201231,10,0,0.0,10,1,0,0,0,0,21.0,688180.SH,君实生物-U
34473,20201231,0,0,1.0,10,0,0,0,10,0,21.0,600138.SH,中青旅
45866,20201231,0,0,1.0,10,0,0,0,0,10,21.0,601519.SH,大智慧
56422,20201231,0,0,0.0,10,10,0,0,0,0,20.0,688277.SH,天智航-U
4447,20201231,0,0,10.0,10,0,0,0,0,0,20.0,000796.SZ,凯撒旅业
29382,20201231,0,0,3.0,10,0,0,7,0,0,20.0,300634.SZ,彩讯股份
47208,20201231,0,0,0.0,0,0,0,0,10,10,20.0,601988.SH,中国银行
7410,20201231,0,10,0.0,10,0,0,0,0,0,20.0,002058.SZ,*ST威尔
21044,20201231,0,2,0.0,10,0,1,5,2,0,20.0,300036.SZ,超图软件
11806,20201231,0,10,0.0,10,0,0,0,0,0,20.0,002370.SZ,亚太药业
45495,20201231,0,0,0.0,0,0,0,0,10,10,20.0,601288.SH,农业银行
45009,20201231,0,0,0.0,0,10,0,0,10,0,20.0,601128.SH,常熟银行
29994,20201231,10,0,0.0,10,0,0,0,0,0,20.0,300678.SZ,中科信息
43075,20201231,0,10,0.0,10,0,0,0,0,0,20.0,600856.SH,*ST中天
33017,20201231,0,0,0.0,0,0,0,0,10,10,20.0,600016.SH,民生银行
23427,20201231,0,0,10.0,10,0,0,0,0,0,20.0,300208.SZ,青岛中程
23905,20201231,10,0,5.0,0,0,0,0,5,0,20.0,300242.SZ,佳云科技
47326,20201231,0,0,0.0,0,0,0,0,10,10,20.0,601998.SH,中信银行
2746,20201231,0,0,10.0,0,0,0,0,10,0,20.0,000617.SZ,中油资本
56740,20201231,0,0,0.0,10,0,1,3,5,0,19.0,688360.SH,德马科技
33193,20201231,0,0,0.0,10,0,0,0,9,0,19.0,600029.SH,南方航空
32606,20201231,0,0,5.0,10,0,0,4,0,0,19.0,300926.SZ,博俊科技
8837,20201231,0,0,0.0,10,0,0,0,9,0,19.0,002159.SZ,三特索道
27108,20201231,0,0,5.0,10,0,0,0,4,0,19.0,300471.SZ,厚普股份
35566,20201231,0,0,9.0,10,0,0,0,0,0,19.0,600228.SH,昌九生化
3677,20201231,5,2,0.0,0,10,0,0,2,0,19.0,000712.SZ,锦龙股份
53407,20201231,0,0,0.0,10,0,0,0,9,0,19.0,603869.SH,新智认知
44908,20201231,0,0,0.0,10,0,0,0,9,0,19.0,601111.SH,中国国航
41713,20201231,0,0,0.0,10,0,0,0,8,0,18.0,600749.SH,西藏旅游
41772,20201231,0,0,5.0,0,0,0,0,3,10,18.0,600754.SH,锦江酒店
46339,20201231,7,1,0.0,0,10,0,0,0,0,18.0,601696.SH,中银证券
8201,20201231,0,0,0.0,10,0,0,0,8,0,18.0,002114.SZ,罗平锌电
36031,20201231,0,0,0.0,10,0,0,0,7,0,17.0,600268.SH,国电南自
27913,20201231,0,0,0.0,10,0,0,0,7,0,17.0,300528.SZ,幸福蓝海
41801,20201231,0,0,0.0,10,0,0,0,7,0,17.0,600756.SH,浪潮软件
42859,20201231,5,2,0.0,0,0,0,0,10,0,17.0,600837.SH,海通证券
26692,20201231,0,0,7.0,10,0,0,0,0,0,17.0,300442.SZ,普丽盛
48344,20201231,0,0,0.0,10,0,0,0,7,0,17.0,603099.SH,长白山
39075,20201231,0,0,0.0,10,0,0,0,3,4,17.0,600540.SH,新赛股份
33267,20201231,3,0,0.0,0,0,5,0,8,0,16.0,600036.SH,招商银行
6776,20201231,0,0,3.0,10,0,0,0,3,0,16.0,002013.SZ,中航机电
5629,20201231,0,0,0.0,10,0,0,0,6,0,16.0,000918.SZ,嘉凯城
41188,20201231,0,0,0.0,10,0,0,0,6,0,16.0,600712.SH,南宁百货
41380,20201231,0,0,5.0,10,0,0,0,0,0,15.0,600725.SH,ST云维
4214,20201231,0,0,5.0,10,0,0,0,0,0,15.0,000768.SZ,中航西飞
43714,20201231,5,0,0.0,0,0,0,0,10,0,15.0,600908.SH,无锡银行
47106,20201231,4,0,0.0,0,10,1,0,0,0,15.0,601963.SH,重庆银行
20511,20201231,0,0,0.0,10,0,0,4,0,0,14.0,003040.SZ,楚天龙
6321,20201231,0,10,0.0,0,0,0,0,2,0,12.0,000982.SZ,*ST中绒
4476,20201231,0,0,0.0,10,2,0,0,0,0,12.0,000798.SZ,中水渔业
48290,20201231,0,0,0.0,0,0,0,0,2,10,12.0,603093.SH,南华期货
46002,20201231,0,0,0.0,10,0,0,0,1,0,11.0,601599.SH,鹿港文化
36495,20201231,0,0,1.0,10,0,0,0,0,0,11.0,600306.SH,*ST商城
37530,20201231,0,0,1.0,10,0,0,0,0,0,11.0,600391.SH,航发科技
17847,20201231,0,0,0.0,0,0,0,0,10,0,10.0,002807.SZ,江阴银行
3605,20201231,0,0,0.0,10,0,0,0,0,0,10.0,000707.SZ,ST双环
48387,20201231,0,0,0.0,10,0,0,0,0,0,10.0,603103.SH,横店影视
27827,20201231,0,0,0.0,10,0,0,0,0,0,10.0,300521.SZ,爱司凯
41046,20201231,0,0,3.0,0,0,0,0,6,0,9.0,600699.SH,均胜电子
43729,20201231,0,0,0.0,0,0,0,0,7,0,7.0,600909.SH,华安证券
42033,20201231,0,0,0.0,0,0,0,0,0,0,0.0,600774.SH,汉商集团
